Date,Effective_Running_Time,General_Running_Time,Waste_Packages,Good_Packages,Nominal_Speed,Actual_Speed,Ancillary_Time,Internal_owntime,External_Downtime
2022-01-01,7.49816047538945,10.686292782371199,85.0,968.0,1158.0,1036.0,1.3549740195614743,0.1884954785784256,0.1765568200806081
2022-01-02,9.802857225639665,10.081230803615174,76.0,904.0,1133.0,1097.0,1.3825598767723473,0.25239650946736,0.2678293216141505
2022-01-03,8.92797576724562,11.089273566942557,83.0,925.0,1052.0,963.0,0.9663097561401701,0.4233622955574764,0.12906533848410082
2022-01-04,8.394633936788146,10.080654004447974,78.0,818.0,1181.0,1089.0,0.5756997273097875,0.4294494442995894,0.2011393487562748
2022-01-05,6.624074561769746,11.408726001274161,167.0,951.0,1134.0,823.0,0.8878260899169312,0.2538444303915073,0.11240828339131087
2022-01-06,6.623978081344811,10.207627355097943,103.0,826.0,1112.0,910.0,1.3035376594626034,0.28364960931467237,0.11423113577558196
2022-01-07,6.232334448672798,10.243751886141546,59.0,965.0,1022.0,868.0,1.4017740285462286,0.2213143563397132,0.21477316993541926
2022-01-08,9.46470458309974,11.50661441063338,195.0,956.0,1089.0,859.0,0.7034727424975958,0.47302195136772485,0.2132036849775642
2022-01-09,8.404460046972835,9.613931464849589,183.0,942.0,1092.0,842.0,0.5669736120252715,0.14745750629663212,0.2756067025688914
2022-01-10,8.536060913802563,8.536060913802563,189.0,807.0,1173.0,987.0,1.3773504531328387,0.473499769200588,0.21157473513201464
2022-01-11,6.08233797718321,8.115130705253357,199.0,861.0,1109.0,1034.0,0.8894049389788753,0.37354658073413727,0.29195820408097006
2022-01-12,9.879639408647977,11.020549022694476,76.0,853.0,1076.0,973.0,1.0417609642675631,0.31262886107469245,0.10973896967998596
2022-01-13,9.329770563201688,10.48123820541386,109.0,872.0,1195.0,844.0,1.4680658120507588,0.11306362431379835,0.11960153695614822
2022-01-14,6.849356442713105,10.816319072396894,164.0,818.0,1022.0,1022.0,0.5665647279142229,0.2902384767288033,0.10881317231407628
2022-01-15,6.7272998688284025,8.851856646035642,154.0,987.0,1085.0,991.0,1.1483180074520956,0.2630992420010929,0.137055370066708
2022-01-16,6.733618039413735,8.545485902347078,73.0,911.0,1008.0,916.0,0.5741054225748671,0.16448752479004902,0.2082540221883356
2022-01-17,7.216968971838151,8.058178662671528,172.0,861.0,1148.0,1002.0,0.8754689284665004,0.36256384140026277,0.22911443628548558
2022-01-18,8.099025726528952,9.402350235226388,84.0,879.0,1184.0,878.0,1.3038145451934469,0.4884603629473143,0.10911703158973377
2022-01-19,7.727780074568463,10.359670747418532,84.0,889.0,1056.0,904.0,0.9334722327556344,0.32487552442581,0.28919417796911984
2022-01-20,7.164916560792168,9.568976180398929,131.0,920.0,1172.0,1075.0,1.4971823539029505,0.38590131057757837,0.2684330753300762
2022-01-21,8.447411578889518,9.749899688094917,139.0,903.0,1058.0,887.0,1.0590592849466023,0.12738018102640672,0.15932249643141863
2022-01-22,6.557975442608168,11.616634777974994,137.0,984.0,1182.0,941.0,0.8211621526359535,0.2670667983267979,0.1154375060452936
2022-01-23,7.168578594140873,9.393021868093202,64.0,899.0,1151.0,1067.0,0.7201113259047531,0.14654339406579836,0.13397741464381147
2022-01-24,7.465447373174767,10.055957956639244,182.0,998.0,1161.0,1012.0,0.8505205342861618,0.34511833421460414,0.12538888275099452
2022-01-25,7.824279936868144,11.134612050964572,90.0,970.0,1004.0,819.0,0.8725332737595508,0.4753928632856619,0.12465675585978937
2022-01-26,9.140703845572055,9.58617112928508,69.0,842.0,1193.0,844.0,0.568713677723961,0.36471109298865545,0.2037123377331468
2022-01-27,6.7986951286334385,10.488346800911494,183.0,986.0,1145.0,802.0,0.8695741994267732,0.13072121932576863,0.14916948849868006
2022-01-28,8.056937753654447,11.44945483498698,193.0,823.0,1061.0,989.0,0.9642385197392249,0.24186648199403316,0.1716279433058289
2022-01-29,8.36965827544817,11.798082494630568,179.0,963.0,1166.0,934.0,1.2227377522388045,0.32026535177634063,0.29790106667686445
2022-01-30,6.185801650879991,8.58829392371615,171.0,876.0,1056.0,840.0,1.156729484721608,0.2612831024533009,0.23686284978506894
2022-01-31,8.430179407605753,11.706350500645978,148.0,976.0,1175.0,1087.0,1.2087656552291541,0.43345760419006896,0.28979613340940025
2022-02-01,6.682096494749166,9.968465172318153,133.0,974.0,1023.0,959.0,0.5083636818768571,0.42586840188399566,0.1285113110066231
2022-02-02,6.260206371941118,9.032977553195833,63.0,961.0,1141.0,873.0,0.717667399580536,0.3447324080412886,0.17642789496651384
2022-02-03,9.795542149013333,9.836543024953045,111.0,958.0,1108.0,950.0,1.1616842883998566,0.2493831780530821,0.21094636065647085
2022-02-04,9.862528132298237,11.920130301141908,106.0,861.0,1019.0,1004.0,0.9839893681797471,0.20213454950529766,0.1153516123777476
2022-02-05,9.233589392465845,9.970472375971479,89.0,816.0,1048.0,823.0,0.505313475668346,0.14234972728525175,0.10083748872559158
2022-02-06,7.218455076693482,9.315006441150032,159.0,881.0,1002.0,882.0,1.3044946424318224,0.24195907339462164,0.2340868667593835
2022-02-07,6.3906884560255355,10.533603417266903,124.0,835.0,1094.0,1042.0,1.2728095732903375,0.26526900688308785,0.22836390336028706
2022-02-08,8.736932106048627,8.960582475112773,62.0,939.0,1060.0,938.0,1.0484191629935626,0.37032917004162946,0.18215776199992234
2022-02-09,7.760609974958405,8.303453312434655,83.0,869.0,1120.0,964.0,0.5664633257762721,0.36326392971902943,0.19792881520640654
2022-02-10,6.488152939379115,8.515518887642596,152.0,995.0,1059.0,930.0,1.2665150495325848,0.12804325585650278,0.18308860011841793
2022-02-11,7.980707640445081,8.51218335583109,61.0,928.0,1060.0,813.0,1.083713587731364,0.25810372617246313,0.10480100896897777
2022-02-12,6.137554084460874,8.607610774049178,178.0,964.0,1149.0,850.0,1.281959977157959,0.1727115468869448,0.16707432124349247
2022-02-13,8.555308690597641,8.555308690597641,124.0,827.0,1010.0,934.0,1.2517469923958404,0.16272508212672226,0.13541645107945796
2022-02-14,7.035119926400068,10.56349897921286,122.0,972.0,1181.0,863.0,1.3030020719578372,0.43092085989489837,0.11968483782027375
2022-02-15,8.650089137415929,8.72752033759658,139.0,985.0,1170.0,815.0,1.018008066404625,0.11676608668650301,0.29134408677786994
2022-02-16,7.246844304357644,9.382669133295453,174.0,897.0,1134.0,1053.0,0.640324518193515,0.26767315036084854,0.2198719450084331
2022-02-17,8.080272084711243,11.587153639624047,102.0,921.0,1119.0,1094.0,1.1711574733796888,0.1672814623066073,0.24573125684732053
2022-02-18,8.186841117373119,9.895846561051489,152.0,953.0,1178.0,1038.0,1.1204737850519706,0.4517320862713896,0.1630727486532235
2022-02-19,6.739417822102109,10.670230954084108,135.0,835.0,1037.0,1037.0,1.2422531871990872,0.3228162053100141,0.17862942589880304
2022-02-20,8.68927948480652,8.68927948480652,90.0,901.0,1016.0,873.0,0.6698810060507353,0.1925522545507392,0.14738479877934468
2022-02-21,8.769156075234683,8.769156075234683,182.0,880.0,1048.0,1048.0,0.6949751999002892,0.3009709148665506,0.11939313419308495
2022-02-22,8.163474465065915,8.163474465065915,170.0,829.0,1159.0,859.0,1.3904095172193285,0.39259454388124637,0.13580632748831675
2022-02-23,8.675740252288659,8.675740252288659,149.0,874.0,1007.0,1007.0,1.2499777984520708,0.4832472035677735,0.2595028090592971
2022-02-24,8.39159991524434,9.114361356127834,178.0,814.0,1117.0,1098.0,1.408228488700323,0.18817840169816757,0.23550916103675515
2022-02-25,8.708041937106987,8.708041937106987,180.0,805.0,1199.0,1014.0,1.2587153211639208,0.45447270885173807,0.2093857751970954
2022-02-26,6.353970008207678,8.354810135028222,156.0,827.0,1171.0,1094.0,1.0971553059903019,0.47372164566699615,0.19501797457335363
2022-02-27,6.783931449676581,8.482543484402402,176.0,993.0,1104.0,971.0,1.1541327370278736,0.46656821781282654,0.28448685673122487
2022-02-28,6.180909155642152,9.843115072130903,155.0,910.0,1013.0,878.0,1.38912792394001,0.354165742744764,0.11454698955573368
2022-03-01,7.301321323053058,8.82533487362317,152.0,993.0,1166.0,931.0,1.0788067545119406,0.35192826177388314,0.1561201626475832
2022-03-02,7.5547091587579285,9.457079444192303,143.0,886.0,1120.0,978.0,1.1323913243283874,0.2612842532735291,0.1699875707141428
2022-03-03,7.085396127095583,10.013669083419428,163.0,862.0,1023.0,822.0,0.6564767160036006,0.4009591529215152,0.2564851624425576
2022-03-04,9.314950036607717,10.761579314517462,74.0,901.0,1019.0,987.0,0.9739212201161027,0.3125176073403728,0.29850292403239426
2022-03-05,7.427013306774358,8.157248559364396,182.0,888.0,1182.0,1094.0,1.216397111958099,0.3709752284913178,0.14813410295143062
2022-03-06,7.123738038749523,11.19764159563617,181.0,821.0,1134.0,857.0,0.7709426983163654,0.2713831615395182,0.2748614668274161
2022-03-07,8.170784332632994,10.511601557963631,54.0,928.0,1166.0,1038.0,0.7022541805245349,0.3925985856172557,0.2661245520863582
2022-03-08,6.563696899899051,8.327036127795488,174.0,843.0,1176.0,1072.0,0.8138268082244156,0.42978860704181965,0.14493147952835334
2022-03-09,9.208787923016159,11.494314496427108,69.0,924.0,1114.0,1083.0,0.7415006279928334,0.15857450264112646,0.17986651603984452
2022-03-10,6.298202574719083,11.683489602127253,100.0,930.0,1103.0,1088.0,0.7149126370363958,0.43317188622969127,0.1819345738585038
2022-03-11,8.244311839419455,8.244311839419455,162.0,830.0,1086.0,956.0,0.9248508428680869,0.3161186127161229,0.2956441337053116
2022-03-12,9.088979077186629,9.107510592588815,74.0,812.0,1063.0,1063.0,1.407838513883534,0.4378663636360898,0.13617838027577966
2022-03-13,6.79486272613669,11.224805119172245,173.0,956.0,1087.0,1027.0,1.0070596467387183,0.2725206825364058,0.25983159422095636
2022-03-14,6.02208846849441,10.993038761534633,175.0,892.0,1155.0,849.0,0.687920380815323,0.251616194153214,0.166838542834622
2022-03-15,8.738084077425508,8.738084077425508,126.0,812.0,1120.0,943.0,0.5769716693808741,0.46602429300688897,0.24617406915523207
2022-03-16,8.82742937539047,8.837397293346841,51.0,999.0,1179.0,1015.0,1.1961561451379252,0.20046770701936054,0.18400220085913255
2022-03-17,8.91602867216395,9.481888411165528,93.0,812.0,1089.0,874.0,0.8827987644363878,0.4376849301144573,0.21567195262330802
2022-03-18,9.085081386743783,9.938091940764085,143.0,939.0,1121.0,992.0,1.3218309465853593,0.29360822900376166,0.2665223546652262
2022-03-19,6.296178606936362,10.473019086121184,197.0,997.0,1126.0,1000.0,1.1595107686407702,0.3056381770205039,0.2608331129967768
2022-03-20,7.433862914177091,9.47565455827909,145.0,848.0,1118.0,849.0,1.2962414505413684,0.2233873125957936,0.27328463670794
2022-03-21,6.463476238100519,9.850138864532592,89.0,828.0,1141.0,970.0,0.7719460394184487,0.3292168802476063,0.1119234650689318
2022-03-22,9.452413703502375,10.989883752535025,145.0,824.0,1047.0,1031.0,1.1923589224610582,0.23008447851048452,0.23841011060794895
2022-03-23,8.14673281156239,8.14673281156239,131.0,861.0,1102.0,950.0,0.7640619846937188,0.11570776569666093,0.12799747534435257
2022-03-24,7.323592099410597,9.009747777376083,167.0,820.0,1021.0,804.0,1.4390684794502917,0.20879944213774243,0.1831637136036822
2022-03-25,6.254233401144095,10.85339834353821,66.0,938.0,1077.0,803.0,1.1363742815333744,0.10255161736263628,0.20971768301093768
2022-03-26,7.243929286862649,11.580827350748798,164.0,812.0,1098.0,907.0,0.8245118001753421,0.4913419148227427,0.18054789694936615
2022-03-27,7.300733288106988,10.046709768462664,131.0,902.0,1130.0,1078.0,0.7695118622922726,0.486298883927899,0.2039223351606015
2022-03-28,8.918424713352255,10.128453941061263,194.0,999.0,1190.0,869.0,0.6909265850716435,0.25806211898892206,0.29930526175972383
2022-03-29,8.428688045359104,8.428688045359104,101.0,963.0,1120.0,990.0,1.1946409588937277,0.3913483417358584,0.12704346274257095
2022-03-30,9.548850970305306,9.789649467293819,145.0,923.0,1149.0,867.0,0.7187156129979273,0.23832243936417,0.23509120906728512
2022-03-31,7.888859700647798,10.130469065820092,190.0,861.0,1101.0,897.0,1.095303265927489,0.3684372628343905,0.17920019327712305
2022-04-01,6.478376983753207,8.969882014538918,65.0,925.0,1127.0,1054.0,0.7646350269253573,0.4221720172183917,0.12660195978146577
2022-04-02,8.85297914889198,9.076972923797523,191.0,905.0,1014.0,1014.0,1.1619689447938686,0.47870249787689634,0.1317473526748619
2022-04-03,9.04314019446759,9.50913665241849,153.0,885.0,1051.0,829.0,1.3149397285405393,0.2600849103398688,0.28985462124912337
2022-04-04,8.080284791110905,8.080284791110905,60.0,826.0,1072.0,929.0,1.2780252431446533,0.41331919318241905,0.2759202993423524
2022-04-05,9.083868719818245,9.288316662332713,95.0,977.0,1094.0,809.0,1.2608513309307816,0.2063713802528475,0.2814083920830044
2022-04-06,7.975182385457563,8.845792027986178,156.0,890.0,1009.0,944.0,0.6877224056922521,0.49613292151745936,0.2983065551654773
2022-04-07,8.090931317527977,9.309989408711658,60.0,839.0,1028.0,999.0,0.5883849469845187,0.11030783950574047,0.14166307800170358
2022-04-08,7.710164073434198,8.479048527277005,137.0,874.0,1055.0,836.0,1.1989488284873855,0.3414115226004484,0.17108786747281235
2022-04-09,6.10167650697638,11.56210912295958,102.0,883.0,1194.0,887.0,0.8683472137943513,0.3638023926605308,0.23384380598497334
2022-04-10,6.431565707973218,10.374369814216195,143.0,966.0,1066.0,919.0,0.9323462264033473,0.37521822282965156,0.19676050797212946
2022-04-11,6.125716742746937,10.71640927657796,57.0,947.0,1096.0,1076.0,0.5311490927933911,0.1481550315156356,0.1836779066756667
2022-04-12,8.545641645055122,11.156684954429354,181.0,954.0,1039.0,1039.0,0.7595764492750492,0.47541191338925215,0.1715622498671186
2022-04-13,7.257423924305307,9.993768795716228,196.0,802.0,1122.0,813.0,0.533676403874464,0.17247331162003313,0.21875612638869044
2022-04-14,8.034282764658812,8.347681152349695,195.0,883.0,1056.0,1028.0,1.3791857726012475,0.34910136129593644,0.2151186857280164
2022-04-15,9.630265895704373,10.148426167274192,162.0,896.0,1041.0,912.0,0.7433966832185305,0.18907043164923398,0.132291566812848
2022-04-16,6.9971689165955,10.347364472083516,70.0,804.0,1103.0,918.0,1.057337169573008,0.22288656680850838,0.19434796750368782
2022-04-17,7.641531692142519,10.98175789673732,164.0,852.0,1001.0,1001.0,0.5389793206611304,0.3185834166912498,0.21069435524196997
2022-04-18,9.022204554172195,9.726638184918718,54.0,952.0,1002.0,1002.0,1.166847391305658,0.26687736742583057,0.21405738774627808
2022-04-19,6.91519266196649,8.510321211182255,53.0,827.0,1044.0,1044.0,0.8230273457540939,0.16409024039060252,0.14202143858247035
2022-04-20,6.3079196393151715,9.135103623194897,99.0,907.0,1007.0,973.0,1.3979191869576657,0.1683745609683393,0.24845427845045734
2022-04-21,7.1590058116550725,9.45232918559454,123.0,843.0,1022.0,907.0,1.388118188934036,0.2672579152651199,0.10503981896421394
2022-04-22,6.644885149016018,10.583668965326405,166.0,802.0,1068.0,1036.0,0.8252906183617478,0.4029131913102003,0.17096637110863253
2022-04-23,9.718790609370291,10.283113218675648,152.0,848.0,1161.0,875.0,1.400960895690468,0.45918585873911544,0.2560425297071267
2022-04-24,9.232481518257668,9.424386903591385,117.0,995.0,1114.0,969.0,1.4961576734987787,0.13365106490375314,0.21277858421108048
2022-04-25,8.533615026041694,11.94606099517192,91.0,960.0,1103.0,908.0,1.325415664123948,0.25724156302376044,0.15223248650217205
2022-04-26,9.48584236075087,10.423099277427548,200.0,992.0,1059.0,997.0,1.344871347755229,0.14009822548915066,0.23899062386860953
2022-04-27,8.948907166943979,8.948907166943979,114.0,898.0,1186.0,872.0,0.7490087361090899,0.10663699225303916,0.21347818883121467
2022-04-28,6.746280235544143,8.407129890481615,118.0,822.0,1079.0,857.0,1.0767023988577562,0.36468747305758265,0.25924872189127746
2022-04-29,8.611436556737328,8.611436556737328,75.0,910.0,1017.0,1017.0,0.5672559139673679,0.34097977678663516,0.24700503723796466
2022-04-30,8.157368967662602,8.983830913538032,169.0,891.0,1123.0,831.0,0.5949179368216697,0.1652076455259545,0.22202158440724692
2022-05-01,8.642725493038222,8.642725493038222,154.0,969.0,1023.0,952.0,1.4988926120332906,0.19352513323722564,0.1976355350621628
2022-05-02,8.746268096205224,8.746268096205224,83.0,820.0,1069.0,866.0,0.8266392494259109,0.10948310145780736,0.12663642513350468
2022-05-03,7.2720138998874555,9.140380674775388,62.0,898.0,1101.0,812.0,1.2481839120488463,0.4339788822777615,0.15226660357707675
2022-05-04,6.440207698110707,8.693494381179018,152.0,830.0,1175.0,811.0,1.3066650530268165,0.48987623841942063,0.18381989458341705
2022-05-05,6.911740650167767,11.5870616985057,148.0,865.0,1099.0,853.0,1.3580232710072293,0.15418381471787634,0.21985985740127773
2022-05-06,7.708431154505025,8.32093498264657,91.0,947.0,1140.0,1060.0,1.4976282974021564,0.19259008550611925,0.20274157104306095
2022-05-07,9.272059063689973,10.098045558281019,193.0,895.0,1199.0,885.0,0.7414964852568678,0.44736380957877364,0.1576369051919059
2022-05-08,9.442922333025374,9.641587307958646,73.0,875.0,1026.0,1026.0,0.5403508268596997,0.47058551918247393,0.10129287155794212
2022-05-09,6.027808522124763,11.929514467634426,115.0,879.0,1055.0,974.0,0.911191517994586,0.2678509531227241,0.1992478443801628
2022-05-10,8.042989210310264,8.44815560867221,192.0,892.0,1079.0,931.0,0.630080669828947,0.12024898890762965,0.15712519771244862
2022-05-11,7.669644012595116,9.591422396182967,113.0,957.0,1084.0,974.0,0.5224258891620551,0.11575673347712777,0.246921660142107
2022-05-12,6.888431241882921,11.877881733101475,146.0,978.0,1082.0,955.0,0.8604268271414861,0.3295799464276042,0.1047892530540967
2022-05-13,6.479461469334732,11.46202850357592,110.0,991.0,1182.0,1028.0,1.2837382510752364,0.2571580435572716,0.21696556226115815
2022-05-14,7.350460685614512,11.26828828379712,91.0,957.0,1143.0,885.0,1.0661806912250709,0.11146097103106181,0.28829484750121304
2022-05-15,9.031611308179759,9.031611308179759,198.0,863.0,1122.0,906.0,0.812777989210354,0.3333009569250227,0.1348818534222999
2022-05-16,7.292811728083021,8.683550349560264,111.0,938.0,1062.0,1062.0,1.1543420054927198,0.10452101463560899,0.19432989815011908
2022-05-17,8.075162486973465,10.674572879697724,184.0,888.0,1165.0,1084.0,0.7320181803088107,0.4149487832597092,0.11828439836342763
2022-05-18,8.81207583558071,11.717503956510344,84.0,851.0,1191.0,1068.0,0.514381446072085,0.22257312908134863,0.22513638245227052
2022-05-19,7.454518409517176,10.22705157205572,82.0,968.0,1164.0,926.0,1.2643533864364274,0.11610320120369284,0.21010633611924512
2022-05-20,9.887128330883844,10.2864507578796,55.0,808.0,1000.0,1000.0,1.123743084864009,0.33534088839326137,0.18147310484256646
2022-05-21,9.119916374641136,9.119916374641136,148.0,980.0,1127.0,943.0,1.2623026245009599,0.2590737657732219,0.20427540429474822
2022-05-22,7.007129183301457,11.077971732767747,105.0,892.0,1010.0,949.0,0.5389380166876656,0.4895201653428598,0.27931493169380206
2022-05-23,7.988994023569542,8.748174994230094,180.0,927.0,1052.0,861.0,1.3371196278306523,0.3176794650014809,0.13925886046221342
2022-05-24,7.203513239267078,9.294716945616974,121.0,932.0,1012.0,977.0,1.1195262000363033,0.21009567241480331,0.10451290234106946
2022-05-25,7.1393619775098704,9.701745754465668,195.0,979.0,1121.0,856.0,1.0633953507126401,0.38377554585358997,0.27233297693982017
2022-05-26,6.147547789418131,10.03044151473782,78.0,927.0,1137.0,899.0,1.1246140481145317,0.20859680101708455,0.2154234164775813
2022-05-27,8.438257335919587,8.96963892966032,180.0,923.0,1023.0,1023.0,1.364433246868364,0.46169731656302604,0.27813169109236846
2022-05-28,8.010716092915446,8.459347298956814,166.0,813.0,1077.0,862.0,1.086936506558907,0.24988878820295057,0.2193890446826345
2022-05-29,6.205915004999957,10.44248016976653,166.0,904.0,1091.0,821.0,1.0809503798881792,0.31994742511048213,0.2620322179919405
2022-05-30,7.114585856946446,9.154522212961023,177.0,830.0,1074.0,821.0,1.4906791570657658,0.12022924152969156,0.1859346726710296
2022-05-31,9.633063543866616,10.324952885690449,164.0,947.0,1024.0,1024.0,1.256730167068568,0.2704484951808923,0.24997198625765374
2022-06-01,6.958247562667889,8.61745086109681,144.0,902.0,1084.0,952.0,0.9422938054511353,0.43294541586439805,0.2826082933779712
2022-06-02,6.579579488364892,9.92456040741927,70.0,936.0,1150.0,923.0,1.2073970000329277,0.4222595221453368,0.21442459274444126
2022-06-03,7.9578110411102525,10.130357730206343,55.0,808.0,1014.0,1014.0,0.8892304716917885,0.1897274235414105,0.1361570301124759
2022-06-04,8.207294147289709,8.207294147289709,188.0,817.0,1016.0,1016.0,0.728875462483499,0.1904316284042251,0.15375952300603962
2022-06-05,6.968221086046002,9.346417112775683,142.0,943.0,1071.0,900.0,1.0968518768877593,0.4269221248852947,0.13972891537948115
2022-06-06,8.537658707755897,8.537658707755897,169.0,814.0,1188.0,1008.0,1.4281820981139515,0.4721593680677302,0.14937140551914657
2022-06-07,8.25349988189107,8.25349988189107,122.0,814.0,1134.0,1031.0,1.4291395200154628,0.13814436850920142,0.16128308987020729
2022-06-08,6.950550175969599,11.959840929559782,68.0,802.0,1136.0,996.0,0.8419052781054903,0.28002345577049015,0.2110267573506377
2022-06-09,8.912865394447438,9.289415379898891,69.0,991.0,1072.0,845.0,1.027677466221695,0.2349817115856916,0.21759832589276656
2022-06-10,7.4711325308770125,11.239497783418539,153.0,948.0,1119.0,1063.0,0.7116358985698612,0.4482753821829758,0.18529994944837222
2022-06-11,8.529223322374317,9.018562619055055,115.0,871.0,1002.0,962.0,1.4956311094988834,0.1334099658720075,0.22308415596416709
2022-06-12,8.53411884304358,10.726010888895717,80.0,859.0,1127.0,885.0,1.4811179078679357,0.18445037702321498,0.11631498512227319
2022-06-13,8.143098736299034,11.040911439558746,124.0,870.0,1183.0,928.0,1.1495089297074474,0.4009873350345977,0.117557647411632
2022-06-14,6.361159080217633,10.382554962431378,60.0,955.0,1123.0,811.0,1.3044140596774734,0.12051753959248623,0.13436589207153168
2022-06-15,9.341209982356952,9.886304754200633,137.0,932.0,1175.0,838.0,1.2151001612837,0.2970141522857157,0.20361549960806896
2022-06-16,7.283120259886943,9.647363656589075,90.0,837.0,1145.0,1030.0,1.0931582190394682,0.276842813871888,0.1427989357396627
2022-06-17,6.746074041599417,9.39547306617198,170.0,835.0,1024.0,800.0,0.5533479969888977,0.23376047159549948,0.15665688069851547
2022-06-18,6.163100566219056,11.718116576991303,97.0,820.0,1180.0,925.0,0.9547643425526611,0.2578289261275695,0.18006256723459882
2022-06-19,8.363571772752968,11.322477631150917,118.0,932.0,1013.0,957.0,1.1747863021674105,0.3119762347720932,0.2623732248020759
2022-06-20,8.71025744736913,11.860107642666051,52.0,953.0,1107.0,816.0,1.1775316138836847,0.16454694335535325,0.10277242718257203
2022-06-21,6.066351315711424,8.497188893942178,61.0,853.0,1028.0,1028.0,0.8731226184223836,0.32879835131343715,0.2298757640473245
2022-06-22,8.048372233197124,10.923469900814577,109.0,804.0,1002.0,868.0,1.4416919866580304,0.4221729317199946,0.23377530620813705
2022-06-23,6.905983100791752,11.753361827284152,122.0,816.0,1084.0,891.0,0.667357032236781,0.4040643719160636,0.2597311560713273
2022-06-24,8.5806911616378,8.724932264662641,140.0,994.0,1059.0,891.0,1.0003594462155605,0.16155996187750948,0.28655058781206266
2022-06-25,6.697465716019966,8.26598506946711,94.0,859.0,1097.0,869.0,1.1908839765508228,0.15969978789658956,0.10402756978985797
2022-06-26,8.763750952409865,10.964482597160236,154.0,954.0,1115.0,800.0,1.1971358058918091,0.20726974709796533,0.13075674110264324
2022-06-27,7.54694138520215,10.297892452719648,179.0,925.0,1009.0,1009.0,1.1486389567688156,0.2444298905364149,0.27723425881119856
2022-06-28,9.746919954946938,11.367315107033088,167.0,876.0,1025.0,1025.0,0.7752882134518602,0.26338223256339305,0.19170371243740308
2022-06-29,6.550083776583973,8.559089506505158,56.0,841.0,1112.0,867.0,0.656206568686622,0.37187888673333813,0.2129181277866927
2022-06-30,7.364265404201034,11.181069247439561,122.0,824.0,1069.0,999.0,1.1359403268267108,0.12267217286633417,0.23260544074462947
2022-07-01,6.453894084962356,8.806509280190978,66.0,923.0,1146.0,1023.0,1.0993021161394378,0.11386908169042656,0.23581332089912746
2022-07-02,8.654623771462818,8.654623771462818,86.0,955.0,1130.0,1055.0,0.679356010289241,0.2567642251775636,0.28634808066330164
2022-07-03,8.65706319172397,8.65706319172397,198.0,929.0,1169.0,927.0,1.2051391455705633,0.37886547685519223,0.2993898834823339
2022-07-04,7.031766510860622,11.258298880925528,71.0,906.0,1138.0,891.0,0.9551719917336564,0.17737413718259304,0.24403149218618805
2022-07-05,8.639936184136715,10.6607888827848,125.0,808.0,1086.0,898.0,1.167760591603153,0.3566017925025007,0.15744424184103017
2022-07-06,9.268888800804863,10.092261699076477,143.0,994.0,1135.0,1014.0,1.3373670797701507,0.2039312551761198,0.2759504804588687
2022-07-07,8.22080324639785,9.43532193649401,155.0,960.0,1055.0,1045.0,0.6697284285769232,0.4544344435254065,0.10984418290815233
2022-07-08,8.118602313424025,11.508802163252433,134.0,859.0,1061.0,854.0,0.5191448679968367,0.45827597770664663,0.14621617057489925
2022-07-09,6.967409163601807,9.569780429690542,51.0,996.0,1158.0,911.0,1.2791025863957868,0.2189148817125306,0.279477143492743
2022-07-10,6.372411071223597,11.266397757886308,99.0,920.0,1089.0,1071.0,1.109697425152616,0.19199750158529622,0.151238302887871
2022-07-11,9.588863031813307,9.756539634280873,128.0,916.0,1160.0,1042.0,1.1996395696221218,0.2645215888264925,0.1441302119243497
2022-07-12,9.50777771769963,9.50777771769963,63.0,950.0,1164.0,1095.0,1.3381549749886426,0.1962126340720595,0.12762505862804946
2022-07-13,8.532405829093072,9.850719142678425,103.0,962.0,1172.0,1026.0,1.3028109348245005,0.36895353731668146,0.2718223515293833
2022-07-14,7.356119164194803,9.205511496656568,55.0,931.0,1183.0,918.0,1.4609201469288247,0.4304258738193142,0.20001165183821734
2022-07-15,7.396838298450644,10.990437520705004,62.0,826.0,1086.0,977.0,1.0359350788521182,0.3692368523644868,0.23497864061083096
2022-07-16,8.903822715480958,10.010881560369917,110.0,868.0,1064.0,998.0,0.9884956326599054,0.4297401788997398,0.14781327681500595
2022-07-17,8.928850780587268,8.928850780587268,70.0,986.0,1116.0,824.0,0.9018871998907301,0.2587968648829897,0.2516080842022433
2022-07-18,9.54834569706047,11.598298293098274,135.0,845.0,1074.0,963.0,0.6536910428442045,0.16252678828354433,0.2520011089924197
2022-07-19,9.119502183430495,9.535564885492846,153.0,874.0,1120.0,1013.0,1.0726072328820224,0.3951803789590369,0.16251960498166002
2022-07-20,8.56812658461715,10.174211444455954,170.0,886.0,1141.0,850.0,0.7770125243259788,0.24418980205662155,0.18213652660205656
2022-07-21,6.336559859980195,11.625888443858187,80.0,888.0,1138.0,1034.0,1.4213075122129755,0.36850833009165307,0.14193805548604016
2022-07-22,6.646514856378455,10.496951983655968,75.0,923.0,1075.0,975.0,1.0831908042770975,0.2082575767927063,0.29531220466458086
2022-07-23,8.467592162833457,8.467592162833457,66.0,989.0,1033.0,1033.0,1.09284018050811,0.13249185392266907,0.22912051541168232
2022-07-24,8.42571623863836,11.7593284944539,145.0,848.0,1086.0,813.0,0.85492466087701,0.4970327181951054,0.28690877614310306
2022-07-25,6.036788206466518,10.51083221228567,156.0,824.0,1029.0,880.0,0.5519893519777075,0.16248060317223972,0.16067710872582663
2022-07-26,6.405886171464129,9.339622458628345,55.0,839.0,1178.0,980.0,0.5317437653729886,0.4953683975853924,0.25637818259937795
2022-07-27,8.55708829065355,8.55708829065355,190.0,977.0,1069.0,889.0,0.9233351441531975,0.49091197302657896,0.2531717287769484
2022-07-28,6.020246335384875,11.176100757081183,58.0,929.0,1031.0,1014.0,0.5845653780972379,0.41752724156321586,0.2383311303733083
2022-07-29,6.643232205669994,10.480291023714054,131.0,857.0,1005.0,1005.0,1.106846955540139,0.3637691848327991,0.29312779505336006
2022-07-30,8.194935157466345,10.133844367905287,156.0,963.0,1129.0,831.0,1.3809730056396574,0.3311228201004339,0.17871106722126312
2022-07-31,8.767580790770772,11.575570332203831,181.0,972.0,1127.0,954.0,1.3829148165187222,0.4464406181511339,0.12614346471795146
2022-08-01,8.607845038010403,11.154388844898122,157.0,969.0,1068.0,953.0,1.1590454101322325,0.2157758086477952,0.23434177184881214
2022-08-02,6.89707723784224,8.606699518931006,170.0,984.0,1014.0,911.0,0.711231831472931,0.2870724849939508,0.24586196009544123
2022-08-03,8.848716885390143,9.246888271182193,101.0,850.0,1082.0,1080.0,1.362996831358872,0.34775598774660077,0.21501211469176293
2022-08-04,6.9489963499872,8.993956559257864,172.0,951.0,1062.0,1048.0,1.3860934353132082,0.26447619034779646,0.14136357862667925
2022-08-05,7.301598792637071,10.975785170290708,62.0,892.0,1135.0,1009.0,0.6966535849529587,0.27099458163610723,0.20089118833387107
2022-08-06,8.134129738943118,8.134129738943118,184.0,968.0,1121.0,1014.0,1.2374260857706774,0.23211386700083378,0.16243794731382588
2022-08-07,8.59853159618886,10.279558739485266,132.0,946.0,1073.0,939.0,0.786519548927123,0.32569272667381444,0.18549330563333782
2022-08-08,9.396893641976712,11.049834742962762,173.0,955.0,1044.0,1044.0,1.3026403123529295,0.44022981120604643,0.22904371516893277
2022-08-09,8.630451569201373,11.507062547046997,118.0,931.0,1198.0,1008.0,1.4972378999036027,0.18061135120252514,0.24904294853816691
2022-08-10,8.273234413341886,9.36832699486363,147.0,835.0,1091.0,1019.0,0.5300260053293928,0.47377321550137663,0.14644493818026863
2022-08-11,6.37469907131237,11.285029218688052,129.0,909.0,1138.0,1059.0,1.397365865790932,0.37563506149929193,0.18106507212939066
2022-08-12,7.4708632122377345,8.442526947820829,160.0,997.0,1028.0,882.0,1.1226305335986582,0.42930928507201205,0.15383231419832583
2022-08-13,7.060809470726902,11.385809166938072,62.0,987.0,1097.0,1042.0,1.4733826191648212,0.32247627705200466,0.13972632277237382
2022-08-14,6.975958573516334,8.50995464932793,59.0,809.0,1006.0,859.0,0.9650095175264276,0.41180668056962544,0.2566774439991677
2022-08-15,9.589149162241469,9.589149162241469,87.0,833.0,1101.0,904.0,1.3473879305713736,0.10648015893578688,0.28185053888739847
2022-08-16,7.572390898667042,11.189181463118214,74.0,826.0,1193.0,901.0,0.5623940685982772,0.42735216991181413,0.17404643713691534
2022-08-17,8.599669709395094,8.599669709395094,181.0,945.0,1077.0,1077.0,0.8352790500782957,0.11605554363414661,0.25025578487475336
2022-08-18,8.524554503989052,8.917005580930566,83.0,964.0,1008.0,1008.0,0.56701653775121,0.455965350545145,0.2793990578728822
2022-08-19,9.179245214166594,10.889010273572264,196.0,843.0,1006.0,1006.0,1.4753431334790705,0.4967850988954573,0.2692248421060463
2022-08-20,8.010548372420768,10.880146146184298,101.0,901.0,1078.0,1018.0,1.3169739072718367,0.21762698487071114,0.1365626777078452
2022-08-21,8.307615538505436,10.564590531541189,77.0,968.0,1032.0,969.0,1.3525474212459705,0.18412742251431746,0.29125837630267226
2022-08-22,7.970070775275456,10.775793777868401,168.0,947.0,1005.0,1005.0,1.4379652314338942,0.40614534554321635,0.1753352880858925
2022-08-23,6.780971951192178,10.170897773390385,149.0,908.0,1151.0,949.0,0.5851034861197854,0.2012105363681013,0.16784813223476727
2022-08-24,8.889808461046021,9.007196235627811,125.0,918.0,1092.0,914.0,0.8855975925133334,0.44622495326888145,0.11248626545555607
2022-08-25,7.123089449763423,9.382783974015677,133.0,902.0,1058.0,849.0,0.5710348890440021,0.1411370368629907,0.1972347308209766
2022-08-26,6.097263865725815,8.726390867205703,158.0,860.0,1180.0,1036.0,0.7107931015500286,0.15038207855174332,0.12180272312818574
2022-08-27,8.581889183628672,11.633802245334513,84.0,913.0,1023.0,1020.0,0.7293657770376724,0.4916606220402463,0.1497079641854852
2022-08-28,6.708442717628196,10.333567179064481,199.0,938.0,1191.0,915.0,0.9691072110475787,0.36953555930800186,0.16338852435345627
2022-08-29,9.60340566705456,9.60340566705456,196.0,975.0,1063.0,808.0,0.7685621674536426,0.43875488977158117,0.26176526469833683
2022-08-30,9.81571430801035,9.84802321457653,148.0,927.0,1178.0,1052.0,0.6009781068177611,0.22973175094060722,0.27509773007917926
2022-08-31,9.659457560881794,11.78913335844726,80.0,952.0,1121.0,803.0,0.6674910890941077,0.37059349980824174,0.16049326349229392
2022-09-01,7.480634801021777,8.613405612464321,152.0,832.0,1165.0,1011.0,0.6472755635520909,0.3376967309234389,0.27173962424891474
2022-09-02,6.06182646611547,10.344919328067189,61.0,892.0,1197.0,1091.0,1.4730767979122983,0.3412600480491788,0.2714461874739582
2022-09-03,9.713274250350901,10.023554715537864,55.0,802.0,1058.0,931.0,1.2592925069184737,0.37301298381508863,0.2529301900769747
2022-09-04,7.712736593269257,10.445816941738592,89.0,849.0,1192.0,870.0,1.4677614652695619,0.3301436692516394,0.1293390228030363
2022-09-05,8.072440735283362,8.072440735283362,119.0,945.0,1078.0,1011.0,0.9397404865079085,0.2716249477210664,0.23806456938014578
2022-09-06,9.85447990835701,11.488495635776605,180.0,998.0,1077.0,1045.0,0.7783684816626566,0.21036907775221875,0.28900481291611374
2022-09-07,9.41203782186944,11.72847312993445,159.0,820.0,1068.0,964.0,1.2982931972091867,0.4074325323652809,0.2365080957534314
2022-09-08,7.177795568278343,10.260532734356836,161.0,880.0,1108.0,1090.0,0.8262539180411468,0.19050897200127448,0.16632336982156679
2022-09-09,7.540390914407701,10.786603295507568,114.0,960.0,1031.0,816.0,0.7993833737053483,0.3769417224617657,0.20011586348616625
2022-09-10,9.404546686067427,11.689997524709183,102.0,841.0,1111.0,951.0,0.7325059922078312,0.19333312905973066,0.22914500867021073
2022-09-11,7.26768802062511,10.828954537253594,106.0,911.0,1108.0,1016.0,0.6296789782242354,0.35013206798178154,0.20211408174570072
2022-09-12,6.67797098674437,8.610156171657046,198.0,947.0,1152.0,1059.0,0.756463061016766,0.3988313068516116,0.12399058834619398
2022-09-13,8.227205049833401,10.305153440667253,56.0,923.0,1167.0,854.0,0.8553197484738877,0.1874855555626157,0.16241280893040413
2022-09-14,9.744619096643124,10.426860185531424,180.0,838.0,1088.0,1040.0,1.1739942081457304,0.12397732034452331,0.2604792061107265
2022-09-15,8.784119186699892,9.696522685209544,137.0,871.0,1060.0,966.0,0.5625648422194516,0.15238949719766964,0.27228360921910344
2022-09-16,8.280244680357459,10.945776942498892,116.0,957.0,1052.0,919.0,0.710506939665343,0.3423987869084102,0.12746000654311404
2022-09-17,6.388705975083074,11.73746805907606,159.0,911.0,1039.0,840.0,1.3090236402916764,0.43977856249029423,0.2904773504797449
2022-09-18,8.46002890679668,11.702274051627105,123.0,801.0,1012.0,1012.0,0.6469219235837708,0.11799872849416976,0.16576452356972188
2022-09-19,9.803357485616528,9.803357485616528,181.0,952.0,1068.0,847.0,0.8426451465225215,0.3936605036166585,0.23246274774614398
2022-09-20,6.560336060946096,8.45295218336302,185.0,807.0,1054.0,893.0,1.36465892185814,0.23652745838002087,0.2503650291913362
2022-09-21,8.073318609454947,11.939364795849338,113.0,949.0,1193.0,887.0,0.6549253111434427,0.291411347967809,0.2623892469275767
2022-09-22,9.509492287711822,11.355592345783737,92.0,840.0,1112.0,1061.0,0.5827368356181899,0.47154381993822625,0.28914994044518605
2022-09-23,8.498650724813068,8.498650724813068,139.0,992.0,1069.0,1002.0,0.9845379950800108,0.2327886018943382,0.16258390960576452
2022-09-24,8.788062963981073,11.68336753046949,187.0,874.0,1116.0,1039.0,0.8024195112785364,0.2861347735757944,0.2717012909103109
2022-09-25,8.809936335948438,11.479585448248514,82.0,865.0,1028.0,875.0,1.0634083644838541,0.10547296590427245,0.1263373806872414
2022-09-26,7.437964604879021,10.075352228504288,143.0,830.0,1089.0,987.0,1.3038048904834751,0.13263948800193537,0.24100818127071855
2022-09-27,7.1743673770579734,10.365101742979718,145.0,861.0,1125.0,972.0,0.6371484881527432,0.20343663645391363,0.24839554590279717
2022-09-28,9.237444621914054,9.596010815480522,160.0,975.0,1098.0,1050.0,1.080699084554285,0.11114089632842977,0.23554464824026408
2022-09-29,8.219046555288125,8.219046555288125,70.0,999.0,1080.0,1072.0,1.0055087603898638,0.3525501304193004,0.1504629472270306
2022-09-30,9.340788966583604,9.340788966583604,157.0,874.0,1199.0,804.0,0.6440787860131996,0.270559342720649,0.27460862940304065
2022-10-01,9.652962210225885,11.211413794392046,186.0,890.0,1176.0,1002.0,1.1239984855289824,0.3192580810912088,0.133771692674079
2022-10-02,8.01852809201841,8.01852809201841,77.0,944.0,1125.0,816.0,0.7736404178607716,0.1698588743585318,0.11072695830416618
2022-10-03,8.006065178748798,9.333996686764577,86.0,977.0,1114.0,965.0,0.9878343185440125,0.21837281177464646,0.24349299812238243
2022-10-04,9.1931807158671,9.592674774363774,196.0,919.0,1124.0,886.0,0.5822723242770619,0.3655297899410901,0.19509514304654674
2022-10-05,8.59985572311106,10.149582411751691,77.0,878.0,1040.0,892.0,0.959584057213623,0.4861210894521599,0.2698196039917352
2022-10-06,8.807867509030814,11.679422465651042,178.0,883.0,1079.0,906.0,0.8064634680428203,0.12016670944088369,0.17667942821165178
2022-10-07,9.183170677744403,9.385383977463846,124.0,939.0,1008.0,986.0,1.3223812111853543,0.45615372834210643,0.13365571770154255
2022-10-08,9.387812807584911,9.387812807584911,87.0,801.0,1095.0,900.0,0.5569787269973683,0.33075248052448336,0.26728843849397393
2022-10-09,7.351980627406143,10.950004992438993,181.0,924.0,1109.0,1020.0,0.9186072749183299,0.3255678267022495,0.20978192632801435
2022-10-10,7.502331810559776,9.808871763559228,117.0,871.0,1046.0,921.0,0.958431424131438,0.30011141408310416,0.137839158478071
2022-10-11,6.375927759363476,8.898419291759929,127.0,959.0,1193.0,821.0,1.2250060762991186,0.12775763436167337,0.24407679971728916
2022-10-12,8.313120563984697,9.809758064530774,104.0,819.0,1182.0,1035.0,1.074287575090211,0.13595074069446428,0.20222272769790012
2022-10-13,6.143769095186968,8.563428081519199,139.0,918.0,1144.0,886.0,1.1672123371941812,0.3403648022636344,0.22086259644806394
2022-10-14,7.862392072529841,8.705547946024893,75.0,896.0,1107.0,930.0,1.2770492856517561,0.23638342857422334,0.1921796676413164
2022-10-15,8.170578538830306,9.993471090957918,109.0,928.0,1174.0,1006.0,1.3622029736581887,0.4669072266310723,0.26574179676360127
2022-10-16,7.146165008513138,9.675701798018192,195.0,813.0,1026.0,900.0,0.8138754967224705,0.2626362149437889,0.26591254313660995
2022-10-17,8.363333042276043,11.6593836042724,89.0,916.0,1158.0,817.0,1.038022705363903,0.15731258348105645,0.24187776436487723
2022-10-18,6.122000999756198,9.449575596466532,149.0,912.0,1025.0,912.0,1.3401080784391999,0.3858875334008144,0.12108027547929245
2022-10-19,6.149392754996858,10.322353401112174,99.0,912.0,1159.0,1083.0,1.4894511309650564,0.21734136857640396,0.26777077238081376
2022-10-20,9.290402242638633,10.52905715167812,166.0,921.0,1055.0,993.0,1.3895193110437631,0.3101881229423573,0.23420259610658195
2022-10-21,7.440762565645052,8.052377826353334,70.0,935.0,1175.0,1001.0,0.8714672626243768,0.3791331142020681,0.2394048332008599
2022-10-22,6.508242050607539,10.654149488066842,195.0,961.0,1189.0,990.0,0.6951665172186504,0.46010564448082814,0.17259656808077434
2022-10-23,8.088973040219217,8.712143867479005,118.0,854.0,1030.0,860.0,0.9893925374065887,0.4168764779206705,0.2758559112314013
2022-10-24,9.079974212394443,11.84428126987782,85.0,965.0,1093.0,926.0,1.2416414518360424,0.37054442714908964,0.2450743200469715
2022-10-25,6.863284109987372,8.594650911012451,61.0,900.0,1196.0,1025.0,0.9925690707532976,0.3718532729580575,0.1225180933058389
2022-10-26,8.491561903276,9.658496494908094,75.0,815.0,1097.0,830.0,0.9831808633136685,0.4783698576128347,0.18155560688123254
2022-10-27,6.341389859975072,8.341398672314575,128.0,812.0,1173.0,883.0,1.3382304210818006,0.21832963899861443,0.27727607239202834
2022-10-28,6.206726884674431,11.987497007383789,101.0,867.0,1118.0,883.0,0.8614037790671863,0.10044483767847497,0.1094393403394758
2022-10-29,8.125418526272592,10.00878004132497,174.0,957.0,1075.0,930.0,1.3597946748116456,0.20878182375927948,0.2922833239284099
2022-10-30,8.162540486440426,10.381540069280176,115.0,942.0,1057.0,1057.0,0.9068048009517236,0.1871565518506976,0.23583251366391256
2022-10-31,8.26830590955371,8.26830590955371,87.0,958.0,1041.0,820.0,0.8282331056783394,0.36473383404559934,0.2262751955286753
2022-11-01,8.904365334890645,10.999841881596712,143.0,903.0,1152.0,956.0,0.953989911199699,0.3534846399062116,0.15411185129759827
2022-11-02,8.839622372382344,8.839622372382344,156.0,888.0,1077.0,854.0,1.2624469586748686,0.3373845530818895,0.1497583577478354
2022-11-03,8.06520139320478,11.592217157762855,75.0,829.0,1102.0,1091.0,0.6260020278639943,0.10649737728378149,0.2884116438977191
2022-11-04,7.291825891764984,8.820558561928028,75.0,866.0,1098.0,834.0,0.6964192158720174,0.391511221780259,0.15965449084682454
2022-11-05,8.762750882654666,8.762750882654666,56.0,887.0,1115.0,921.0,1.451444825663092,0.22941216499419662,0.2551010593437999
2022-11-06,7.083329005048297,8.14619867139238,160.0,818.0,1173.0,1021.0,0.6754916273813574,0.3660223956026525,0.17862435964141582
2022-11-07,7.755885682822544,9.888267780439996,150.0,844.0,1196.0,1011.0,1.0677273179310545,0.32263137140086134,0.1278508141569408
2022-11-08,6.313825525369063,10.259364533050466,121.0,920.0,1082.0,927.0,1.0793144666619379,0.2370923701711629,0.1021430595390718
2022-11-09,6.1014029736618305,8.26283455771341,177.0,947.0,1166.0,904.0,0.9896244620502448,0.15383050684164312,0.20885146740305016
2022-11-10,9.8505936587117,11.102110466780042,171.0,1000.0,1153.0,919.0,1.1447452485768186,0.13776755906419239,0.2951557637097865
2022-11-11,9.343920482048823,9.813155338992111,138.0,987.0,1115.0,879.0,0.7298267257976184,0.4326073332448894,0.1738272387618409
2022-11-12,8.783896824374793,10.09756107731032,180.0,929.0,1191.0,862.0,1.052662267776748,0.46735901683262326,0.17143846679860897
2022-11-13,7.6358117776570795,9.763050987752912,81.0,884.0,1040.0,945.0,0.8721732552468971,0.35991521870571985,0.1688183235698884
2022-11-14,6.693177280283383,9.603052243501304,67.0,927.0,1022.0,881.0,1.161667259629189,0.14137364594419335,0.20410876746097167
2022-11-15,6.625748170684345,10.238561325232872,90.0,957.0,1171.0,886.0,0.6412235433731495,0.2608108867552963,0.1881329766848587
2022-11-16,7.000971592658381,8.62096098372285,59.0,824.0,1088.0,997.0,1.0708774168394761,0.3915756800420629,0.2759829253454029
2022-11-17,8.196906658824481,8.727712521981084,130.0,882.0,1169.0,1091.0,0.6852703553833237,0.41192835360402724,0.20110415834469805
2022-11-18,8.858383690800249,11.44714248405407,190.0,968.0,1179.0,981.0,0.7786430631150364,0.14728744891643544,0.20155156763771376
2022-11-19,8.640789506870926,11.78446184853453,56.0,877.0,1012.0,823.0,0.7187098003235832,0.10001228753815297,0.12767431894411133
2022-11-20,7.119735587783771,9.493237265119012,68.0,914.0,1177.0,823.0,0.6828377798688171,0.384854818352242,0.2965479081820772
2022-11-21,9.082978692574216,9.082978692574216,118.0,918.0,1090.0,1085.0,1.325710951560667,0.24263847039448228,0.14999457817376594
2022-11-22,8.951587666783073,10.575998172956062,190.0,837.0,1102.0,889.0,0.7857075676608903,0.20179253264730412,0.11467281349192054
2022-11-23,8.217416210045602,9.634936684392386,97.0,872.0,1125.0,828.0,1.4271237818644493,0.10515898791581019,0.23262924979504176
2022-11-24,8.10154542264138,8.10154542264138,126.0,867.0,1185.0,980.0,1.469926525345191,0.31611976270459985,0.21907327403137453
2022-11-25,7.67840024971116,8.624610389464761,56.0,805.0,1004.0,987.0,1.0712604699370973,0.4404602941703927,0.18302913079854916
2022-11-26,6.99092395800463,10.863888915389591,72.0,805.0,1095.0,995.0,0.6430011226657264,0.4830526585090352,0.1844384467761356
2022-11-27,7.423890714605046,10.635695767640605,198.0,966.0,1138.0,880.0,0.8745482433795813,0.3262979802453157,0.2570127842092862
2022-11-28,8.108383970013934,8.108383970013934,195.0,855.0,1145.0,805.0,1.297732263348214,0.3057845310959577,0.13914252801992982
2022-11-29,6.0575739545190235,8.887888647731797,51.0,904.0,1139.0,1090.0,0.8673907286970705,0.13402255419569645,0.2640506637889779
2022-11-30,6.464290562027665,8.924299186352286,193.0,860.0,1027.0,875.0,0.5870172183027887,0.3195491206170399,0.22974942277900362
2022-12-01,6.184010568087011,10.687570974394914,146.0,988.0,1060.0,1003.0,1.056784910928188,0.2519916315861579,0.18379395475590488
2022-12-02,6.16291520927588,8.078842151017456,180.0,852.0,1072.0,1012.0,1.3451208514960347,0.3428541123534308,0.19160572331677372
2022-12-03,8.416434327938296,8.416434327938296,118.0,886.0,1161.0,983.0,1.2959263871435023,0.2554905391506187,0.15132944143721916
2022-12-04,8.814631437520095,11.199664341492758,127.0,975.0,1056.0,894.0,0.6751231401303532,0.1961196493801467,0.25042286653939494
2022-12-05,7.896695316349301,8.714178648217334,123.0,968.0,1042.0,881.0,1.1727646144124666,0.13798611009135062,0.20257494846105356
2022-12-06,6.391336642604006,10.610984431407498,150.0,837.0,1191.0,979.0,0.7205042634356471,0.22596737783555831,0.1641709085499687
2022-12-07,7.966463500467329,8.952731124186906,71.0,961.0,1002.0,1002.0,0.7182075345521722,0.13865793371510093,0.21921002315219004
2022-12-08,7.893887083122262,8.39776557103738,54.0,892.0,1200.0,1084.0,1.374071773305185,0.17075878032959357,0.2991468904102646
2022-12-09,6.692807479640061,8.972688763997816,96.0,897.0,1135.0,832.0,0.7496689527402302,0.49493446343181835,0.18705245593131076
2022-12-10,7.735406596951892,10.889067727422637,156.0,827.0,1166.0,846.0,0.7632473465180112,0.27764142276264747,0.2841382801557239
2022-12-11,7.594018937589494,11.422785872425143,80.0,816.0,1059.0,1059.0,0.5006533907612996,0.3127487066020066,0.16900336798491322
2022-12-12,8.463400392208866,11.320879458267967,151.0,946.0,1003.0,1003.0,1.3706690341255177,0.4494474114948862,0.11094654138499718
2022-12-13,8.540374603470575,9.58873411847382,195.0,899.0,1148.0,1065.0,1.2925948132091347,0.4982275601962751,0.14084842127368577
2022-12-14,6.181216039088178,10.672340546282584,64.0,887.0,1167.0,861.0,1.127328935090678,0.3330857797378726,0.18373902866553682
2022-12-15,7.498450458505885,8.819937181663285,151.0,946.0,1148.0,976.0,1.2502657639388421,0.4249895284176687,0.1439269857189138
2022-12-16,8.503439662856945,9.172590921044053,117.0,953.0,1029.0,1010.0,0.6520485674244918,0.23077640973467012,0.10004540764365111
2022-12-17,8.01254503432035,11.58534327408448,180.0,832.0,1151.0,1004.0,0.9583235945875754,0.22229758297891644,0.28300030754950545
2022-12-18,8.052007694042944,8.052007694042944,77.0,922.0,1154.0,922.0,0.8512193873487809,0.2610814883978241,0.26877588224618576
2022-12-19,8.342034123417871,8.342034123417871,154.0,827.0,1132.0,805.0,0.5937765262570165,0.36900290506945965,0.24845844629738942
2022-12-20,6.651737708325719,8.831545020584109,176.0,950.0,1153.0,975.0,0.9861304852149241,0.37287667570203953,0.13356291912920573
2022-12-21,6.282274989601719,8.106128815495278,192.0,931.0,1169.0,876.0,1.4207396503426355,0.22609577385978033,0.12407271524199721
2022-12-22,8.569677112825262,8.72574174035919,152.0,991.0,1123.0,935.0,0.5400591190506945,0.1532839696546515,0.11352094989447664
2022-12-23,6.106045242166488,10.332166243878769,125.0,814.0,1018.0,1018.0,0.7914609134937939,0.3529585025862034,0.24480583775458423
2022-12-24,8.343102325093852,9.685698202369991,143.0,811.0,1098.0,920.0,0.7075409362057035,0.1513303448755058,0.285761592137577
2022-12-25,9.76092096569983,11.5706868443079,180.0,856.0,1016.0,1016.0,0.7381466536656963,0.33139700329173205,0.1861071641826074
2022-12-26,8.301896711503517,11.269774246953764,136.0,852.0,1082.0,857.0,1.4084345518793753,0.3773688512225236,0.12382813439920964
2022-12-27,7.552679704826088,9.367269406791504,55.0,849.0,1081.0,1002.0,0.9680690542342901,0.3802445985577807,0.2024785641464213
2022-12-28,8.573152873769413,9.03769373372517,190.0,981.0,1013.0,1013.0,0.9662994129398188,0.4013888442638387,0.16976638149172601
2022-12-29,7.8330115619660665,9.518769632669068,153.0,850.0,1070.0,831.0,1.2605756424552823,0.4491437686262658,0.17496498486999953
2022-12-30,8.18246715726374,10.36117977005923,151.0,854.0,1022.0,802.0,0.6544922040049258,0.29998359678591535,0.22426612483114144
2022-12-31,9.072254563291505,9.072254563291505,82.0,952.0,1162.0,930.0,0.9872653541000508,0.3920996758118285,0.24374362265244046
2023-01-01,7.544410551203097,10.496595631396536,149.0,890.0,1190.0,828.0,0.9299852141210597,0.34766909414633473,0.12212071977463218
2023-01-02,9.637646608764962,9.637646608764962,109.0,955.0,1014.0,1014.0,1.0969106905466561,0.17465597591907303,0.10711804616129528
2023-01-03,9.621402567824255,10.208188723407922,148.0,813.0,1191.0,1074.0,1.4995577032504386,0.11027585794776328,0.29886606053714293
2023-01-04,6.783164539157186,9.744506116541267,66.0,898.0,1105.0,930.0,1.2694488940820472,0.2138165542707735,0.14654566978311037
2023-01-05,6.277445203500662,9.17786303816767,149.0,807.0,1060.0,878.0,0.8978657030174272,0.27721348253504774,0.11076610498169182
2023-01-06,6.403112005509707,11.793813227848627,200.0,813.0,1015.0,930.0,1.3275530522740469,0.34684237777146254,0.137975065819184
2023-01-07,6.072887302606199,11.054423176639043,57.0,981.0,1100.0,1017.0,0.6707083633124802,0.4399837322012822,0.10779156926969286
2023-01-08,6.377771843023714,8.56045270306581,197.0,828.0,1159.0,803.0,0.5304636863089601,0.17849828668246626,0.17836217892343434
2023-01-09,8.732027093665428,11.47387190359165,111.0,906.0,1141.0,977.0,0.704448372464273,0.15021991595939085,0.26048035689026483
2023-01-10,6.2847545938409155,9.949724792998055,181.0,882.0,1010.0,984.0,0.8404115561142597,0.4853919789897311,0.16824888995154413
2023-01-11,7.275902521175045,11.578208907576366,167.0,869.0,1015.0,991.0,1.01058075745956,0.14321782375056286,0.1888366813756733
2023-01-12,9.379501243877819,11.199421023789261,135.0,980.0,1081.0,873.0,1.1151291405411998,0.2913964280428757,0.23511735471348774
2023-01-13,6.093087742943304,9.700854017876933,161.0,804.0,1059.0,1014.0,1.4106057172144217,0.3342254915173207,0.20177881401397602
2023-01-14,8.08987723328047,8.08987723328047,182.0,933.0,1046.0,827.0,1.0098540095504576,0.3165497683629753,0.27228913720426484
2023-01-15,7.1274190990936,9.074709437539784,111.0,993.0,1056.0,860.0,1.0012756446257294,0.1344128628131773,0.2732071350091513
2023-01-16,6.472659310486625,10.166536858643468,99.0,912.0,1161.0,1063.0,0.5502430098229821,0.12281076560144776,0.10198213909823073
2023-01-17,8.786948661456602,10.533912879304589,150.0,987.0,1186.0,1022.0,0.5349115526562238,0.14219337098441429,0.25560926129663986
2023-01-18,8.515771387119536,9.03155074173281,171.0,810.0,1081.0,804.0,1.051159961916372,0.334235073549045,0.19214672004833477
2023-01-19,8.557424296291297,8.557424296291297,164.0,884.0,1181.0,875.0,0.9381786132483445,0.3177379550537285,0.29776810826073263
2023-01-20,8.940284175215544,11.339720947197197,170.0,852.0,1064.0,864.0,1.3391803949802985,0.1934963168146977,0.19664641517508702
2023-01-21,9.213923721539395,11.937608722814208,115.0,946.0,1095.0,881.0,0.6606795847118452,0.3551096567382367,0.2973791890776595
2023-01-22,7.128138290285226,10.102760729210743,173.0,996.0,1045.0,874.0,0.5249716621170496,0.42802700082225975,0.2509138722411473
2023-01-23,6.709758175118891,8.686717143393214,68.0,851.0,1128.0,819.0,0.9490387679301259,0.11663158393863751,0.14972097692266126
2023-01-24,9.002459006563434,9.089229306077476,132.0,931.0,1196.0,938.0,0.7374785567522575,0.29925197741921694,0.20767899585739152
2023-01-25,8.073562706189866,8.073562706189866,51.0,840.0,1121.0,1020.0,0.5496143733388374,0.3757241648410762,0.29842712789571657
2023-01-26,9.962020568002693,11.657195226241996,99.0,913.0,1072.0,982.0,1.224598286847629,0.20092477082787485,0.2715061215503847
2023-01-27,7.650470707645706,8.471004331560565,105.0,893.0,1130.0,1002.0,0.6115929999572475,0.22310836211725965,0.11947337875824422
2023-01-28,7.488072343171133,10.306065902057014,109.0,994.0,1025.0,824.0,1.1083195000077717,0.34545516119575354,0.2412743993619992
2023-01-29,9.096220882748824,9.096220882748824,154.0,922.0,1178.0,1085.0,0.7810497501668892,0.4591741173774948,0.1691159171741626
2023-01-30,7.363214161012071,10.216712010063173,108.0,870.0,1101.0,1052.0,0.673496050355022,0.4239697681211597,0.10139645237606963
2023-01-31,9.72302930241426,10.605681553407457,117.0,823.0,1090.0,1042.0,0.8797515229193175,0.3332520876398334,0.18069619380539992
2023-02-01,9.433651007372047,11.318967214828806,86.0,830.0,1117.0,1047.0,1.3014457762229537,0.3920886871028997,0.14695088434499426
2023-02-02,7.715976109500073,8.825685087042412,106.0,845.0,1125.0,1080.0,0.8920935769045727,0.24592898808311947,0.26377385410409426
2023-02-03,8.043983314633921,8.043983314633921,84.0,850.0,1014.0,963.0,1.2507696492110556,0.3563862112395031,0.1674661217691531
2023-02-04,8.547542520275229,8.547542520275229,61.0,970.0,1137.0,860.0,0.6254862967991507,0.28647263645102283,0.2655047387907634
2023-02-05,6.41249547534373,11.60007456739242,141.0,912.0,1048.0,985.0,1.2727714196650792,0.17597445458302438,0.10011958776695906
2023-02-06,9.610211626718266,11.495560310250061,150.0,905.0,1143.0,1023.0,0.7369333249066486,0.3806953095509029,0.16156383000522384
2023-02-07,8.021009489791428,10.389652408681233,143.0,823.0,1165.0,1021.0,1.177393129888873,0.32258585493952885,0.1482330428615524
2023-02-08,9.305829864430967,10.402067441734614,120.0,972.0,1161.0,956.0,1.0657815548409963,0.24344863278143658,0.1467134722137222
2023-02-09,7.280198404122447,10.660146698185022,107.0,945.0,1111.0,821.0,1.4291447172116873,0.4645356760314523,0.11363732395309255
2023-02-10,8.7014851144938,8.7014851144938,180.0,814.0,1104.0,911.0,0.887322517975314,0.1083736471306933,0.13742485408210034
2023-02-11,7.556806714936652,11.65764778369984,128.0,942.0,1029.0,1029.0,0.5661651888344404,0.2263092604997984,0.21110991397712398
2023-02-12,6.043350605921193,9.675082099568293,122.0,909.0,1155.0,975.0,0.5191554855512529,0.12275255911105863,0.1582722145675489
2023-02-13,9.532554112997989,9.532554112997989,54.0,816.0,1054.0,961.0,1.3268585609727532,0.40661092648865094,0.18347895646582957
2023-02-14,6.365146707144534,10.07567082113135,101.0,892.0,1099.0,881.0,1.0247356376614323,0.3808429816455171,0.1753733760694377
2023-02-15,7.2772545503616595,8.18786386710022,107.0,897.0,1057.0,911.0,1.2752440518349493,0.23254088749452684,0.2751809849999789
2023-02-16,8.665133475024318,8.665133475024318,110.0,833.0,1027.0,1027.0,0.7344256000115147,0.37026516088282924,0.28105979980210305
2023-02-17,9.802428587750224,10.952134465705482,137.0,989.0,1126.0,1000.0,0.8450837455132337,0.2583748904783799,0.198591394331172
2023-02-18,8.293751552493145,8.331194671700505,130.0,970.0,1011.0,1011.0,0.5301038722113189,0.4025015165689737,0.1660311900631209
2023-02-19,8.527348848679196,10.412608437865552,141.0,934.0,1150.0,936.0,1.4614923245741123,0.28167346509468244,0.12136014080047274
2023-02-20,7.793782087913279,8.981396438725284,165.0,892.0,1064.0,989.0,1.1678679067008133,0.2649118911326662,0.290680575876419
2023-02-21,7.172843086792258,9.557182456167906,172.0,882.0,1000.0,875.0,1.433205087759306,0.47389196619532037,0.1120453889800595
2023-02-22,7.314658181479664,9.1547749470828,158.0,930.0,1102.0,1012.0,0.7654964074290723,0.2003516399562801,0.1595300555136561
2023-02-23,8.690073824308154,9.422690865859796,193.0,909.0,1009.0,928.0,1.1114636112256608,0.1481789359986262,0.15961324023400084
2023-02-24,9.00949811775072,10.876183620736981,53.0,812.0,1055.0,933.0,1.1784999682926378,0.3338172453037833,0.16408025722804298
2023-02-25,9.166316174903393,9.1884868624927,79.0,903.0,1141.0,995.0,0.8175497002575884,0.4877287249136716,0.13285736865448186
2023-02-26,9.158472571178216,10.265618561187589,51.0,961.0,1013.0,1013.0,1.34810923501563,0.25113568549087467,0.25663228618473943
2023-02-27,6.3648244121947615,9.904201608796399,147.0,892.0,1168.0,819.0,1.4471614629002478,0.12481470545151262,0.12449957239319785
2023-02-28,7.977681218810326,10.654684661450592,185.0,810.0,1001.0,1001.0,1.3848551176960044,0.235722106923827,0.22698133183063254
2023-03-01,6.230235040066577,11.747318957299033,87.0,957.0,1049.0,888.0,1.2390669759393727,0.3023726617278234,0.1247692053411635
2023-03-02,8.198115529294942,10.930288388841001,189.0,840.0,1148.0,933.0,0.777464679724954,0.16476920265288547,0.11410712751859131
2023-03-03,7.766122005493508,8.859761514363028,59.0,852.0,1063.0,807.0,0.7816160421056317,0.36324088722259684,0.2818859007371753
2023-03-04,8.12473254024514,8.12473254024514,190.0,833.0,1020.0,890.0,1.463360320446038,0.49909975560408026,0.13802575326374114
2023-03-05,7.403660050208314,9.0490561771993,103.0,866.0,1072.0,951.0,0.510284495935692,0.2806957903925775,0.2642500309119409
2023-03-06,6.468268065710424,10.38031172280102,65.0,951.0,1054.0,817.0,1.2160499732421446,0.24189142269208508,0.20892617422142717
2023-03-07,6.571966728211343,8.205703253937001,123.0,904.0,1169.0,947.0,1.2062461625552623,0.26028166673378667,0.11557130392175392
2023-03-08,9.04604252686989,9.985464988804946,89.0,841.0,1063.0,1063.0,1.1226895409497974,0.14605847135808048,0.2910896382876135
2023-03-09,8.472872253265045,10.387371395667557,93.0,976.0,1158.0,832.0,1.4901088460868657,0.4533094405704895,0.1493922333983785
2023-03-10,6.404490704491161,9.336975563267844,96.0,976.0,1178.0,1029.0,0.8118794357637252,0.26593026220854077,0.2719290690705213
2023-03-11,6.33642722445999,11.083648814983288,170.0,974.0,1087.0,923.0,0.8399718637932482,0.2549097645699365,0.13376200115691284
2023-03-12,8.426393012535087,8.426393012535087,131.0,848.0,1182.0,997.0,0.5789394029465555,0.3638761091721897,0.27078857642837056
2023-03-13,6.291052025456774,8.300551126943235,97.0,890.0,1075.0,878.0,0.9427981365437375,0.2768133683724494,0.1026457625810588
2023-03-14,9.287440237161425,10.912755024814413,142.0,997.0,1193.0,848.0,0.7610485262348481,0.35929338752313844,0.20235609131389615
2023-03-15,8.824968908625985,9.981965264824794,157.0,954.0,1018.0,848.0,0.8433867021776442,0.12457851605231501,0.2538885158843114
2023-03-16,6.325395122567599,10.753609585710944,91.0,805.0,1137.0,821.0,1.3345717902556276,0.42548933748889095,0.2869591034985567
2023-03-17,6.339350856340768,9.739309354414985,112.0,813.0,1099.0,856.0,1.4354845135274958,0.47620158115176103,0.28184042724129743
2023-03-18,8.985608132956427,8.985608132956427,68.0,893.0,1078.0,999.0,0.6857330720051856,0.35950615446375445,0.26392497390952896
2023-03-19,7.497083183024481,11.2764092706968,77.0,982.0,1127.0,1065.0,0.8725089315534659,0.48182637154352437,0.2776382699322608
2023-03-20,7.482568588267563,11.197663515875917,152.0,908.0,1141.0,1044.0,1.428630562115394,0.16057292574798532,0.1398439371674153
2023-03-21,9.25119826903001,10.778785883417708,77.0,900.0,1001.0,1001.0,0.5618084606892226,0.2909664757921415,0.15683685914234574
2023-03-22,9.08858054891985,9.08858054891985,129.0,821.0,1033.0,833.0,0.5923605281113785,0.3407226935781789,0.1577937049842117
2023-03-23,9.944004255291484,10.360922667476348,156.0,931.0,1143.0,887.0,0.6627909892062294,0.3326946589684747,0.17541078620033976
2023-03-24,9.013512741035766,9.443895587760107,66.0,964.0,1133.0,893.0,1.0952128341268748,0.2605847116356173,0.17866413407703774
2023-03-25,7.5050383421236635,8.366328293306537,135.0,876.0,1193.0,875.0,0.6504722710059975,0.23523376374650456,0.2089110649309351
2023-03-26,6.334002866794675,11.669254301848971,88.0,955.0,1152.0,955.0,1.4680763814507336,0.15072960902016752,0.13197595267328827
2023-03-27,8.547274523675846,8.547274523675846,194.0,993.0,1190.0,961.0,0.9467145272585203,0.2566969802249113,0.23824933275719787
2023-03-28,8.23361699894322,11.80094941528321,123.0,841.0,1141.0,907.0,1.0015179603501663,0.16506432604219407,0.1335133078609013
2023-03-29,7.696888036987906,9.784023091831823,171.0,905.0,1060.0,906.0,0.7466586158054065,0.3937462705968874,0.1620616964209095
2023-03-30,8.740531715354479,8.740531715354479,133.0,857.0,1021.0,1021.0,0.9709602524347335,0.183532374197836,0.2006690261212308
2023-03-31,6.444789929224605,10.167603789513432,57.0,959.0,1156.0,1037.0,1.1619136326370114,0.12342612211381354,0.25928811230469545
2023-04-01,7.970500417163437,11.491783343505633,145.0,916.0,1129.0,892.0,1.2511771369540428,0.32094645512689374,0.24789384664774544
2023-04-02,6.045414579069677,10.928899545638245,193.0,927.0,1010.0,1010.0,1.253868082709913,0.33809189308776066,0.22910687128210444
2023-04-03,7.874642567976505,11.226244591445798,140.0,960.0,1072.0,1072.0,1.0778911126940884,0.44876522451220224,0.13115465211603403
2023-04-04,6.225213102727349,10.63513346684287,173.0,879.0,1191.0,898.0,1.4043597749938572,0.3307926449670727,0.20940906912311552
2023-04-05,6.475271665072288,10.76910625807141,183.0,983.0,1100.0,906.0,1.3174078473061095,0.2381923414893783,0.1174893003599771
2023-04-06,6.470104987108419,11.396782606261278,84.0,907.0,1087.0,952.0,1.2570481146986254,0.42120475261052825,0.17547263535933016
2023-04-07,8.596841208464255,8.998672035436744,82.0,832.0,1092.0,1082.0,0.5556055216804606,0.3161115572749684,0.18270330605799184
2023-04-08,8.984179517061694,9.957699854572562,142.0,939.0,1042.0,1042.0,0.5068779622196493,0.13171211385247672,0.10796228788915077
2023-04-09,8.333475060388638,8.884837767278409,112.0,959.0,1074.0,831.0,0.712447277195473,0.3263402241252987,0.15479761989399438
2023-04-10,9.848690193898168,11.950672031986588,176.0,863.0,1074.0,918.0,1.1635235939134523,0.46320741816866495,0.29112989345329787
2023-04-11,7.499482318094817,11.776237358746453,185.0,971.0,1010.0,966.0,0.9111974888825458,0.25852505019928823,0.2907265215659379
2023-04-12,7.142848345127443,8.157707245474024,103.0,981.0,1154.0,951.0,0.9024062592993117,0.21853032075992004,0.17046541085050787
2023-04-13,9.474396512757842,10.822300690062754,86.0,855.0,1083.0,858.0,1.3845868882296137,0.15738778280720803,0.10862002178966482
2023-04-14,6.89438335407781,11.700993269662664,167.0,997.0,1164.0,1058.0,1.3955628481318387,0.16057820877414294,0.13581898786563631
2023-04-15,8.722301380509334,8.722301380509334,91.0,828.0,1170.0,1003.0,1.4091752640535857,0.2731085937367276,0.17844355868670803
2023-04-16,6.048617898759265,10.271780922210517,173.0,840.0,1042.0,1042.0,0.8138780765150273,0.33827192966461184,0.28955593959384596
2023-04-17,9.879515306830555,11.661953190352168,114.0,837.0,1131.0,1058.0,1.1910558127392616,0.1322461620678407,0.12823981270743698
2023-04-18,6.1726396478023045,8.135783914343195,150.0,979.0,1094.0,1025.0,0.7716331812743696,0.47582743561006635,0.2527031687336424
2023-04-19,9.564572454792284,10.78968106898736,64.0,931.0,1176.0,932.0,0.6906098330744498,0.40205344697807843,0.12173650787493842
2023-04-20,8.1108044363452,9.189396029490203,144.0,830.0,1043.0,983.0,0.6846324573473692,0.33464956731346507,0.29625151547825535
2023-04-21,9.971859184477202,11.697584781506121,118.0,888.0,1136.0,848.0,0.842107620863594,0.43137546837559637,0.17632329982182698
2023-04-22,6.2951862589415954,11.884232980661471,138.0,923.0,1122.0,1002.0,0.9299576197798217,0.13207470272484534,0.2550469077798112
2023-04-23,8.215417137605282,11.777065956453736,75.0,817.0,1059.0,854.0,1.3309491710550683,0.2907355510932498,0.16851821656222638
2023-04-24,9.877210142476397,9.896856866629856,161.0,976.0,1027.0,1008.0,0.6198910934727121,0.3520372507446654,0.22553377543176173
2023-04-25,8.092391376680595,11.448170603957253,179.0,961.0,1130.0,869.0,1.2349258473948943,0.4314611624473157,0.13840321694800733
2023-04-26,8.51759455254105,11.378197594140282,83.0,901.0,1148.0,835.0,1.0314549141893052,0.4133878240197071,0.12920420385939252
2023-04-27,8.782994755938468,9.276401892973023,64.0,993.0,1063.0,850.0,0.7879453426759925,0.21082769988535988,0.28761282791362625
2023-04-28,7.818164259071093,11.315661896602709,54.0,884.0,1129.0,801.0,0.9928195845328246,0.4763520678236818,0.2835294555808867
2023-04-29,8.14803053886197,8.14803053886197,146.0,997.0,1079.0,1016.0,0.7999420697770226,0.14973833657234814,0.27749378804257646
2023-04-30,8.337257247692401,10.385079513928211,141.0,934.0,1143.0,1020.0,1.096081955238306,0.4500534474484609,0.2250866900333187
2023-05-01,8.920035349150812,8.920035349150812,132.0,927.0,1040.0,954.0,0.9338439228552442,0.4883760998418475,0.2616536422432556
2023-05-02,6.181785521365832,8.482267543109115,85.0,833.0,1178.0,848.0,0.6644055290788787,0.17086140928905025,0.11380738738227499
2023-05-03,7.123852758368921,8.307812806516836,109.0,976.0,1057.0,825.0,0.6165830745556967,0.38882642568151415,0.16695780837813584
2023-05-04,9.801645936306235,10.785155103512558,139.0,885.0,1074.0,806.0,1.04669568207213,0.11611420751119939,0.16274062495143124
2023-05-05,9.359499855072265,9.359499855072265,125.0,832.0,1012.0,850.0,1.4024130332861033,0.262169130055662,0.22712906439052263
2023-05-06,7.822627011142852,10.899067086115046,198.0,803.0,1022.0,1022.0,0.8439576865576855,0.3065133196790696,0.1711915546941281
2023-05-07,8.26142536319577,8.26142536319577,70.0,912.0,1103.0,872.0,1.2330001072226233,0.3322580903638537,0.12970135632873617
2023-05-08,7.10952473192453,9.261161351322441,154.0,905.0,1054.0,906.0,1.1586613549397669,0.4743748992994238,0.21929341508270872
2023-05-09,6.752484638895045,10.157965169501349,111.0,944.0,1167.0,832.0,1.431554914309481,0.36890027491767785,0.2628767841338163
2023-05-10,7.854793619759929,11.162892659355855,114.0,978.0,1003.0,867.0,1.320981017299141,0.2925111804876948,0.17642469889199464
2023-05-11,7.413408912104211,9.27501001172828,158.0,816.0,1076.0,956.0,1.0666052589054629,0.42387001450635575,0.12645374301969634
2023-05-12,8.334624447403488,10.503565505748035,154.0,946.0,1067.0,982.0,1.1570304982341073,0.48021312838176355,0.1393376394625646
2023-05-13,6.310938547859939,11.543910992944749,199.0,837.0,1004.0,874.0,1.3983864665840349,0.10882645947291635,0.1474966610338768
2023-05-14,9.897579230664666,10.463452752729218,69.0,972.0,1025.0,817.0,0.8995187845869348,0.49300850890241554,0.15997951859890724
2023-05-15,8.931837899014536,8.931837899014536,66.0,964.0,1083.0,917.0,0.8267947058577774,0.13445285562547216,0.2285590141012618
2023-05-16,8.097603126226153,8.097603126226153,159.0,908.0,1099.0,870.0,0.5108110836351963,0.42575471170750456,0.2201890969075438
2023-05-17,8.144385465376482,11.48039549560372,137.0,942.0,1081.0,866.0,1.3265510741914643,0.212133901020565,0.23921597231340783
2023-05-18,7.238110465145311,8.085077643401549,91.0,863.0,1106.0,1088.0,1.3009807004033649,0.1528718631015487,0.17250039690630264
2023-05-19,9.255180078827795,11.498806690736798,62.0,894.0,1119.0,985.0,0.6044545181001514,0.275942255885534,0.2647995303759957
2023-05-20,8.738924690215518,10.115748536108848,63.0,964.0,1002.0,967.0,1.0768573811327002,0.3575826317790455,0.14081753223115206
2023-05-21,6.650467757379565,11.756270794051584,184.0,892.0,1093.0,925.0,0.9639816981668874,0.25238073800939,0.1938081495036308
2023-05-22,9.64370873797537,11.195132943094661,79.0,872.0,1193.0,929.0,0.6187090955091115,0.12182616331307959,0.26018774430828606
2023-05-23,9.290148971692677,11.99173644213335,99.0,899.0,1104.0,962.0,1.4805682270607234,0.33978445586348666,0.13603172954652384
2023-05-24,9.40284726180684,9.40284726180684,84.0,966.0,1136.0,1009.0,0.7146958874633554,0.4609613104442699,0.1219726227481566
2023-05-25,8.90287803355344,11.068753155724508,103.0,867.0,1062.0,1011.0,0.5672341800905611,0.2532861463789007,0.27673679353759795
2023-05-26,8.45366078374316,9.607723654436969,60.0,835.0,1155.0,852.0,1.0948473795019096,0.18653311105233084,0.16858593255183918
2023-05-27,7.6729721451624755,9.919502481215636,128.0,942.0,1155.0,950.0,1.2388666771330326,0.2770309383731262,0.23677402498180639
2023-05-28,9.730913933416053,10.51002185287348,60.0,965.0,1104.0,924.0,0.532443446047187,0.11934508441951236,0.1050697208527877
2023-05-29,9.464255558001634,11.494708456745355,170.0,820.0,1195.0,1061.0,1.1587176387270222,0.42819503379211,0.23800937768188993
2023-05-30,6.180874680424758,11.93633387679718,85.0,848.0,1025.0,989.0,1.0322918759514543,0.4305363243800747,0.1632202623093941
2023-05-31,6.1054678979890085,11.073093655458074,131.0,828.0,1003.0,960.0,0.6032650088750484,0.33520018537185137,0.11114817071748835
2023-06-01,7.505853467512198,9.671067128669335,182.0,870.0,1154.0,835.0,0.6725238769463621,0.2412411555753558,0.22196255230962342
2023-06-02,9.24221332312733,9.68542800910828,148.0,890.0,1161.0,982.0,1.0679742973160806,0.4199133457783134,0.14816076321463464
2023-06-03,9.949104517259778,10.950329206355566,130.0,950.0,1024.0,835.0,0.7963576135132884,0.3218748099153469,0.177361448410376
2023-06-04,6.601667564414113,8.955108583073208,99.0,930.0,1053.0,901.0,1.438315728651316,0.43037292342000655,0.11611616245730272
2023-06-05,8.37652286140854,8.44189645252558,100.0,924.0,1004.0,843.0,1.318740229484051,0.3525835170332082,0.12943265021898906
2023-06-06,7.5235634265240865,9.418488630563106,150.0,870.0,1059.0,1008.0,1.483567206513663,0.413762189285119,0.15959544709916876
2023-06-07,9.148955966616327,9.148955966616327,199.0,968.0,1155.0,862.0,0.759670838950414,0.33942519728710396,0.11795190011203144
2023-06-08,9.18523248182396,9.18523248182396,149.0,894.0,1104.0,918.0,1.469723632797977,0.2656564272862665,0.282165252937263
2023-06-09,8.93443100419964,8.93443100419964,134.0,996.0,1070.0,1069.0,0.9312338697915579,0.483178343970455,0.10120940863679569
2023-06-10,7.874772639179881,8.168372758545448,160.0,927.0,1074.0,861.0,0.8475187953137546,0.3164455299515379,0.19677204377286228
2023-06-11,7.659278009350661,8.071495738933656,120.0,825.0,1000.0,952.0,0.5503495269693532,0.34203580741621536,0.12464949162651029
2023-06-12,7.093628287722825,11.950889558944127,59.0,935.0,1060.0,926.0,0.5527652578596026,0.1881950557658997,0.1615358178955897
2023-06-13,6.2255019866037085,9.71109253494345,134.0,865.0,1129.0,805.0,1.1920112559466547,0.35026031577091066,0.2852119119636531
2023-06-14,9.458889505020213,9.537306588638726,194.0,937.0,1195.0,1038.0,0.9579289944340279,0.32864305979317754,0.13233891065479736
2023-06-15,9.25160403652031,10.71858913077228,76.0,814.0,1169.0,821.0,0.7265216260361057,0.17393535917880998,0.2931664639436665
2023-06-16,8.873015551460256,8.873015551460256,154.0,835.0,1005.0,942.0,1.1139703063252326,0.12383483894125749,0.14115887539788435
2023-06-17,9.986547348295622,11.799844735800901,80.0,971.0,1180.0,968.0,0.7528581182501112,0.34174372788590845,0.24831322169336592
2023-06-18,8.22172682241051,11.145380057662209,130.0,845.0,1157.0,989.0,1.0776317543444227,0.40547690774012823,0.20933545297946232
2023-06-19,8.357644009249038,8.357644009249038,65.0,967.0,1156.0,1007.0,0.8592087469826903,0.30936054836880333,0.2768957455193518
2023-06-20,9.670323103139713,9.670323103139713,118.0,856.0,1092.0,876.0,1.323552226611819,0.1907090501278583,0.21079865110062618
2023-06-21,9.398589562709645,11.516473230248659,163.0,929.0,1080.0,803.0,1.3206961607667793,0.36660879067721397,0.2069118438312617
2023-06-22,6.98939240697279,11.77892808916564,102.0,939.0,1061.0,1017.0,0.9773503981224013,0.1320422906438409,0.13909160007368
2023-06-23,7.8021765412403745,9.869606044999479,150.0,903.0,1013.0,961.0,0.8508191093350156,0.27673348192078184,0.13324587241033176
2023-06-24,6.51663766060598,10.453645556842831,169.0,861.0,1046.0,1046.0,0.8625597965590945,0.16534670335936807,0.28329783022310284
2023-06-25,8.668135784368301,8.668135784368301,189.0,843.0,1049.0,1046.0,1.3057145256682179,0.17378362042395334,0.16556763977000682
2023-06-26,8.42469853780352,11.964674504547906,85.0,807.0,1097.0,1053.0,0.828179482797612,0.18091757966328148,0.1744164509925792
2023-06-27,6.914571222013851,8.926686805533773,110.0,861.0,1149.0,946.0,0.709059373706846,0.25468282281759114,0.2519647316856777
2023-06-28,8.686802737623427,11.770927096540502,73.0,931.0,1095.0,900.0,0.5846883418753068,0.12046008224815906,0.16776469648456147
2023-06-29,8.472512961831583,10.598586595969474,199.0,988.0,1012.0,1012.0,0.9666931208844084,0.2591173763716393,0.2904124893278005
2023-06-30,7.4326508721313616,10.430947179515437,189.0,974.0,1192.0,935.0,0.9821320989198419,0.30468297884588036,0.24758555379976005
2023-07-01,6.454230368798516,10.050754044066034,131.0,953.0,1189.0,855.0,1.3409087104029072,0.29331771398653006,0.219485848514684
