Date,Effective_Running_Time,General_Running_Time,Waste_Packages,Good_Packages,Nominal_Speed,Actual_Speed,Ancillary_Time,Internal_Downtime,External_Downtime,Base_Working_Time,MME,Q,P,A,OEE
1/1/2022,7.5,10.7,85,968,1158,1036,1.4,0.2,0.2,9.3,1.43,0.919278253,0.894645941,0.806451613,0.66
1/2/2022,9.8,10.1,76,904,1133,1097,1.4,0.3,0.3,11.8,1.03,0.92244898,0.968225949,0.830508475,0.74
1/3/2022,8.9,11.1,83,925,1052,963,1,0.4,0.1,10.4,1.25,0.91765873,0.91539924,0.855769231,0.72
1/4/2022,8.4,10.1,78,818,1181,1089,0.6,0.4,0.2,9.6,1.2,0.912946429,0.922099915,0.875,0.74
1/5/2022,6.6,11.4,167,951,1134,823,0.9,0.3,0.1,7.9,1.73,0.850626118,0.725749559,0.835443038,0.52
1/6/2022,6.6,10.2,103,826,1112,910,1.3,0.3,0.1,8.3,1.55,0.889128095,0.818345324,0.795180723,0.58
1/7/2022,6.2,10.2,59,965,1022,868,1.4,0.2,0.2,8,1.65,0.942382813,0.849315068,0.775,0.62
1/8/2022,9.5,11.5,195,956,1089,859,0.7,0.5,0.2,10.9,1.21,0.830582103,0.788797062,0.871559633,0.57
1/9/2022,8.4,9.6,183,942,1092,842,0.6,0.1,0.3,9.4,1.14,0.837333333,0.771062271,0.893617021,0.58
1/10/2022,8.5,8.5,189,807,1173,987,1.4,0.5,0.2,10.6,1,0.810240964,0.841432225,0.801886792,0.55
1/11/2022,6.1,8.1,199,861,1109,1034,0.9,0.4,0.3,7.7,1.33,0.812264151,0.932371506,0.792207792,0.6
1/12/2022,9.9,11,76,853,1076,973,1,0.3,0.1,11.3,1.11,0.918191604,0.904275093,0.876106195,0.73
1/13/2022,9.3,10.5,109,872,1195,844,1.5,0.1,0.1,11,1.13,0.888888889,0.706276151,0.845454545,0.53
1/14/2022,6.8,10.8,164,818,1022,1022,0.6,0.3,0.1,7.8,1.59,0.83299389,1,0.871794872,0.73
1/15/2022,6.7,8.9,154,987,1085,991,1.1,0.3,0.1,8.2,1.33,0.865030675,0.913364055,0.817073171,0.65
1/16/2022,6.7,8.5,73,911,1008,916,0.6,0.2,0.2,7.7,1.27,0.925813008,0.908730159,0.87012987,0.73
1/17/2022,7.2,8.1,172,861,1148,1002,0.9,0.4,0.2,8.7,1.12,0.833494676,0.8728223,0.827586207,0.6
1/18/2022,8.1,9.4,84,879,1184,878,1.3,0.5,0.1,10,1.16,0.912772586,0.741554054,0.81,0.55
1/19/2022,7.7,10.4,84,889,1056,904,0.9,0.3,0.3,9.2,1.35,0.913669065,0.856060606,0.836956522,0.65
1/20/2022,7.2,9.6,131,920,1172,1075,1.5,0.4,0.3,9.4,1.33,0.875356803,0.917235495,0.765957447,0.61
1/21/2022,8.4,9.7,139,903,1058,887,1.1,0.1,0.2,9.8,1.15,0.866602687,0.838374291,0.857142857,0.62
1/22/2022,6.6,11.6,137,984,1182,941,0.8,0.3,0.1,7.8,1.76,0.87778769,0.796108291,0.846153846,0.59
1/23/2022,7.2,9.4,64,899,1151,1067,0.7,0.1,0.1,8.1,1.31,0.933541018,0.927019983,0.888888889,0.77
1/24/2022,7.5,10.1,182,998,1161,1012,0.9,0.3,0.1,8.8,1.35,0.845762712,0.87166236,0.852272727,0.63
1/25/2022,7.8,11.1,90,970,1004,819,0.9,0.5,0.1,9.3,1.42,0.91509434,0.815737052,0.838709677,0.63
1/26/2022,9.1,9.6,69,842,1193,844,0.6,0.4,0.2,10.3,1.05,0.924259056,0.707460184,0.883495146,0.58
1/27/2022,6.8,10.5,183,986,1145,802,0.9,0.1,0.1,7.9,1.54,0.843455945,0.700436681,0.860759494,0.51
1/28/2022,8.1,11.4,193,823,1061,989,1,0.2,0.2,9.5,1.41,0.81003937,0.932139491,0.852631579,0.64
1/29/2022,8.4,11.8,179,963,1166,934,1.2,0.3,0.3,10.2,1.4,0.843257443,0.80102916,0.823529412,0.56
1/30/2022,6.2,8.6,171,876,1056,840,1.2,0.3,0.2,7.9,1.39,0.836676218,0.795454545,0.784810127,0.52
1/31/2022,8.4,11.7,148,976,1175,1087,1.2,0.4,0.3,10.3,1.39,0.868327402,0.925106383,0.815533981,0.66
2/1/2022,6.7,10,133,974,1023,959,0.5,0.4,0.1,7.7,1.49,0.879855465,0.937438905,0.87012987,0.72
2/2/2022,6.3,9,63,961,1141,873,0.7,0.3,0.2,7.5,1.43,0.938476563,0.765118317,0.84,0.6
2/3/2022,9.8,9.8,111,958,1108,950,1.2,0.2,0.2,11.4,1,0.89616464,0.857400722,0.859649123,0.66
2/4/2022,9.9,11.9,106,861,1019,1004,1,0.2,0.1,11.2,1.2,0.890382627,0.985279686,0.883928571,0.78
2/5/2022,9.2,10,89,816,1048,823,0.5,0.1,0.1,9.9,1.09,0.901657459,0.785305344,0.929292929,0.66
2/6/2022,7.2,9.3,159,881,1002,882,1.3,0.2,0.2,8.9,1.29,0.847115385,0.880239521,0.808988764,0.6
2/7/2022,6.4,10.5,124,835,1094,1042,1.3,0.3,0.2,8.2,1.64,0.870698644,0.952468007,0.780487805,0.65
2/8/2022,8.7,9,62,939,1060,938,1,0.4,0.2,10.3,1.03,0.938061938,0.88490566,0.844660194,0.7
2/9/2022,7.8,8.3,83,869,1120,964,0.6,0.4,0.2,9,1.06,0.912815126,0.860714286,0.866666667,0.68
2/10/2022,6.5,8.5,152,995,1059,930,1.3,0.1,0.2,8.1,1.31,0.867480384,0.878186969,0.802469136,0.61
2/11/2022,8,8.5,61,928,1060,813,1.1,0.3,0.1,9.5,1.06,0.938321537,0.766981132,0.842105263,0.61
2/12/2022,6.1,8.6,178,964,1149,850,1.3,0.2,0.2,7.8,1.41,0.8441331,0.739773716,0.782051282,0.49
2/13/2022,8.6,8.6,124,827,1010,934,1.3,0.2,0.1,10.2,1,0.869610936,0.924752475,0.843137255,0.68
2/14/2022,7,10.6,122,972,1181,863,1.3,0.4,0.1,8.8,1.51,0.888482633,0.730736664,0.795454545,0.52
2/15/2022,8.7,8.7,139,985,1170,815,1,0.1,0.3,10.1,1,0.87633452,0.696581197,0.861386139,0.53
2/16/2022,7.2,9.4,174,897,1134,1053,0.6,0.3,0.2,8.3,1.31,0.837535014,0.928571429,0.86746988,0.67
2/17/2022,8.1,11.6,102,921,1119,1094,1.2,0.2,0.2,9.7,1.43,0.900293255,0.977658624,0.835051546,0.73
2/18/2022,8.2,9.9,152,953,1178,1038,1.1,0.5,0.2,10,1.21,0.862443439,0.881154499,0.82,0.62
2/19/2022,6.7,10.7,135,835,1037,1037,1.2,0.3,0.2,8.4,1.6,0.860824742,1,0.797619048,0.69
2/20/2022,8.7,8.7,90,901,1016,873,0.7,0.2,0.1,9.7,1,0.909182644,0.859251969,0.896907216,0.7
2/21/2022,8.8,8.8,182,880,1048,1048,0.7,0.3,0.1,9.9,1,0.828625235,1,0.888888889,0.74
2/22/2022,8.2,8.2,170,829,1159,859,1.4,0.4,0.1,10.1,1,0.82982983,0.741156169,0.811881188,0.5
2/23/2022,8.7,8.7,149,874,1007,1007,1.2,0.5,0.3,10.7,1,0.854349951,1,0.813084112,0.69
2/24/2022,8.4,9.1,178,814,1117,1098,1.4,0.2,0.2,10.2,1.08,0.820564516,0.982990152,0.823529412,0.66
2/25/2022,8.7,8.7,180,805,1199,1014,1.3,0.5,0.2,10.7,1,0.817258883,0.845704754,0.813084112,0.56
2/26/2022,6.4,8.4,156,827,1171,1094,1.1,0.5,0.2,8.2,1.31,0.841302136,0.934244236,0.780487805,0.61
2/27/2022,6.8,8.5,176,993,1104,971,1.2,0.5,0.3,8.8,1.25,0.849443969,0.879528986,0.772727273,0.58
2/28/2022,6.2,9.8,155,910,1013,878,1.4,0.4,0.1,8.1,1.58,0.854460094,0.866732478,0.765432099,0.57
3/1/2022,7.3,8.8,152,993,1166,931,1.1,0.4,0.2,9,1.21,0.867248908,0.798456261,0.811111111,0.56
3/2/2022,7.6,9.5,143,886,1120,978,1.1,0.3,0.2,9.2,1.25,0.861030126,0.873214286,0.826086957,0.62
3/3/2022,7.1,10,163,862,1023,822,0.7,0.4,0.3,8.5,1.41,0.84097561,0.803519062,0.835294118,0.56
3/4/2022,9.3,10.8,74,901,1019,987,1,0.3,0.3,10.9,1.16,0.924102564,0.968596663,0.853211009,0.76
3/5/2022,7.4,8.2,182,888,1182,1094,1.2,0.4,0.1,9.1,1.11,0.829906542,0.925549915,0.813186813,0.62
3/6/2022,7.1,11.2,181,821,1134,857,0.8,0.3,0.3,8.5,1.58,0.819361277,0.755731922,0.835294118,0.52
3/7/2022,8.2,10.5,54,928,1166,1038,0.7,0.4,0.3,9.6,1.28,0.945010183,0.890222985,0.854166667,0.72
3/8/2022,6.6,8.3,174,843,1176,1072,0.8,0.4,0.1,7.9,1.26,0.828908555,0.911564626,0.835443038,0.63
3/9/2022,9.2,11.5,69,924,1114,1083,0.7,0.2,0.2,10.3,1.25,0.930513595,0.972172352,0.893203883,0.81
3/10/2022,6.3,11.7,100,930,1103,1088,0.7,0.4,0.2,7.6,1.86,0.902912621,0.986400725,0.828947368,0.74
3/11/2022,8.2,8.2,162,830,1086,956,0.9,0.3,0.3,9.7,1,0.836693548,0.880294659,0.845360825,0.62
3/12/2022,9.1,9.1,74,812,1063,1063,1.4,0.4,0.1,11,1,0.916478555,1,0.827272727,0.76
3/13/2022,6.8,11.2,173,956,1087,1027,1,0.3,0.3,8.4,1.65,0.84676705,0.944802208,0.80952381,0.65
3/14/2022,6,11,175,892,1155,849,0.7,0.3,0.2,7.2,1.83,0.835988754,0.735064935,0.833333333,0.51
3/15/2022,8.7,8.7,126,812,1120,943,0.6,0.5,0.2,10,1,0.865671642,0.841964286,0.87,0.63
3/16/2022,8.8,8.8,51,999,1179,1015,1.2,0.2,0.2,10.4,1,0.951428571,0.860899067,0.846153846,0.69
3/17/2022,8.9,9.5,93,812,1089,874,0.9,0.4,0.2,10.4,1.07,0.897237569,0.802571166,0.855769231,0.62
3/18/2022,9.1,9.9,143,939,1121,992,1.3,0.3,0.3,11,1.09,0.867837338,0.884924175,0.827272727,0.64
3/19/2022,6.3,10.5,197,997,1126,1000,1.2,0.3,0.3,8.1,1.67,0.835008375,0.888099467,0.777777778,0.58
3/20/2022,7.4,9.5,145,848,1118,849,1.3,0.2,0.3,9.2,1.28,0.853977845,0.759391771,0.804347826,0.52
3/21/2022,6.5,9.9,89,828,1141,970,0.8,0.3,0.1,7.7,1.52,0.902944384,0.850131464,0.844155844,0.65
3/22/2022,9.5,11,145,824,1047,1031,1.2,0.2,0.2,11.1,1.16,0.850361197,0.984718243,0.855855856,0.72
3/23/2022,8.1,8.1,131,861,1102,950,0.8,0.1,0.1,9.1,1,0.867943548,0.862068966,0.89010989,0.67
3/24/2022,7.3,9,167,820,1021,804,1.4,0.2,0.2,9.1,1.23,0.830800405,0.787463271,0.802197802,0.52
3/25/2022,6.3,10.9,66,938,1077,803,1.1,0.1,0.2,7.7,1.73,0.934262948,0.745589601,0.818181818,0.57
3/26/2022,7.2,11.6,164,812,1098,907,0.8,0.5,0.2,8.7,1.61,0.831967213,0.826047359,0.827586207,0.57
3/27/2022,7.3,10,131,902,1130,1078,0.8,0.5,0.2,8.8,1.37,0.873184898,0.953982301,0.829545455,0.69
3/28/2022,8.9,10.1,194,999,1190,869,0.7,0.3,0.3,10.2,1.13,0.837384744,0.730252101,0.87254902,0.53
3/29/2022,8.4,8.4,101,963,1120,990,1.2,0.4,0.1,10.1,1,0.905075188,0.883928571,0.831683168,0.67
3/30/2022,9.5,9.8,145,923,1149,867,0.7,0.2,0.2,10.6,1.03,0.86423221,0.754569191,0.896226415,0.58
3/31/2022,7.9,10.1,190,861,1101,897,1.1,0.4,0.2,9.6,1.28,0.819219791,0.814713896,0.822916667,0.55
4/1/2022,6.5,9,65,925,1127,1054,0.8,0.4,0.1,7.8,1.38,0.934343434,0.935226264,0.833333333,0.73
4/2/2022,8.9,9.1,191,905,1014,1014,1.2,0.5,0.1,10.7,1.02,0.825729927,1,0.831775701,0.69
4/3/2022,9,9.5,153,885,1051,829,1.3,0.3,0.3,10.9,1.06,0.852601156,0.788772598,0.825688073,0.56
4/4/2022,8.1,8.1,60,826,1072,929,1.3,0.4,0.3,10.1,1,0.93227991,0.866604478,0.801980198,0.65
4/5/2022,9.1,9.3,95,977,1094,809,1.3,0.2,0.3,10.9,1.02,0.911380597,0.739488117,0.834862385,0.56
4/6/2022,8,8.8,156,890,1009,944,0.7,0.5,0.3,9.5,1.1,0.850860421,0.935579782,0.842105263,0.67
4/7/2022,8.1,9.3,60,839,1028,999,0.6,0.1,0.1,8.9,1.15,0.933259177,0.971789883,0.91011236,0.83
4/8/2022,7.7,8.5,137,874,1055,836,1.2,0.3,0.2,9.4,1.1,0.864490603,0.792417062,0.819148936,0.56
4/9/2022,6.1,11.6,102,883,1194,887,0.9,0.4,0.2,7.6,1.9,0.896446701,0.742881072,0.802631579,0.53
4/10/2022,6.4,10.4,143,966,1066,919,0.9,0.4,0.2,7.9,1.62,0.871055005,0.862101313,0.810126582,0.61
4/11/2022,6.1,10.7,57,947,1096,1076,0.5,0.1,0.2,6.9,1.75,0.943227092,0.981751825,0.884057971,0.82
4/12/2022,8.5,11.2,181,954,1039,1039,0.8,0.5,0.2,10,1.32,0.840528634,1,0.85,0.71
4/13/2022,7.3,10,196,802,1122,813,0.5,0.2,0.2,8.2,1.37,0.803607214,0.72459893,0.890243902,0.52
4/14/2022,8,8.3,195,883,1056,1028,1.4,0.3,0.2,9.9,1.04,0.819109462,0.973484848,0.808080808,0.64
4/15/2022,9.6,10.1,162,896,1041,912,0.7,0.2,0.1,10.6,1.05,0.846880907,0.876080692,0.905660377,0.67
4/16/2022,7,10.3,70,804,1103,918,1.1,0.2,0.2,8.5,1.47,0.919908467,0.832275612,0.823529412,0.63
4/17/2022,7.6,11,164,852,1001,1001,0.5,0.3,0.2,8.6,1.45,0.838582677,1,0.88372093,0.74
4/18/2022,9,9.7,54,952,1002,1002,1.2,0.3,0.2,10.7,1.08,0.946322068,1,0.841121495,0.8
4/19/2022,6.9,8.5,53,827,1044,1044,0.8,0.2,0.1,8,1.23,0.939772727,1,0.8625,0.81
4/20/2022,6.3,9.1,99,907,1007,973,1.4,0.2,0.2,8.1,1.44,0.901590457,0.966236346,0.777777778,0.68
4/21/2022,7.2,9.5,123,843,1022,907,1.4,0.3,0.1,9,1.32,0.872670807,0.887475538,0.8,0.62
4/22/2022,6.6,10.6,166,802,1068,1036,0.8,0.4,0.2,8,1.61,0.828512397,0.970037453,0.825,0.66
4/23/2022,9.7,10.3,152,848,1161,875,1.4,0.5,0.3,11.9,1.06,0.848,0.753660637,0.81512605,0.52
4/24/2022,9.2,9.4,117,995,1114,969,1.5,0.1,0.2,11,1.02,0.894784173,0.86983842,0.836363636,0.65
4/25/2022,8.5,11.9,91,960,1103,908,1.3,0.3,0.2,10.3,1.4,0.913415794,0.823209429,0.825242718,0.62
4/26/2022,9.5,10.4,200,992,1059,997,1.3,0.1,0.2,11.1,1.09,0.832214765,0.941454202,0.855855856,0.67
4/27/2022,8.9,8.9,114,898,1186,872,0.7,0.1,0.2,9.9,1,0.887351779,0.735244519,0.898989899,0.59
4/28/2022,6.7,8.4,118,822,1079,857,1.1,0.4,0.3,8.5,1.25,0.874468085,0.794253939,0.788235294,0.55
4/29/2022,8.6,8.6,75,910,1017,1017,0.6,0.3,0.2,9.7,1,0.923857868,1,0.886597938,0.82
4/30/2022,8.2,9,169,891,1123,831,0.6,0.2,0.2,9.2,1.1,0.840566038,0.739982191,0.891304348,0.55
5/1/2022,8.6,8.6,154,969,1023,952,1.5,0.2,0.2,10.5,1,0.86286732,0.930596285,0.819047619,0.66
5/2/2022,8.7,8.7,83,820,1069,866,0.8,0.1,0.1,9.7,1,0.908084164,0.8101029,0.896907216,0.66
5/3/2022,7.3,9.1,62,898,1101,812,1.2,0.4,0.2,9.1,1.25,0.935416667,0.737511353,0.802197802,0.55
5/4/2022,6.4,8.7,152,830,1175,811,1.3,0.5,0.2,8.4,1.36,0.845213849,0.690212766,0.761904762,0.44
5/5/2022,6.9,11.6,148,865,1099,853,1.4,0.2,0.2,8.7,1.68,0.853899309,0.776160146,0.793103448,0.53
5/6/2022,7.7,8.3,91,947,1140,1060,1.5,0.2,0.2,9.6,1.08,0.912331407,0.929824561,0.802083333,0.68
5/7/2022,9.3,10.1,193,895,1199,885,0.7,0.4,0.2,10.6,1.09,0.822610294,0.738115096,0.877358491,0.53
5/8/2022,9.4,9.6,73,875,1026,1026,0.5,0.5,0.1,10.5,1.02,0.922995781,1,0.895238095,0.83
5/9/2022,6,11.9,115,879,1055,974,0.9,0.3,0.2,7.4,1.98,0.884305835,0.923222749,0.810810811,0.66
5/10/2022,8,8.4,192,892,1079,931,0.6,0.1,0.2,8.9,1.05,0.822878229,0.862835959,0.898876404,0.64
5/11/2022,7.7,9.6,113,957,1084,974,0.5,0.1,0.2,8.5,1.25,0.894392523,0.898523985,0.905882353,0.73
5/12/2022,6.9,11.9,146,978,1082,955,0.9,0.3,0.1,8.2,1.72,0.870106762,0.882624769,0.841463415,0.65
5/13/2022,6.5,11.5,110,991,1182,1028,1.3,0.3,0.2,8.3,1.77,0.900090827,0.869712352,0.78313253,0.61
5/14/2022,7.4,11.3,91,957,1143,885,1.1,0.1,0.3,8.9,1.53,0.913167939,0.774278215,0.831460674,0.59
5/15/2022,9,9,198,863,1122,906,0.8,0.3,0.1,10.2,1,0.8133836,0.807486631,0.882352941,0.58
5/16/2022,7.3,8.7,111,938,1062,1062,1.2,0.1,0.2,8.8,1.19,0.894184938,1,0.829545455,0.74
5/17/2022,8.1,10.7,184,888,1165,1084,0.7,0.4,0.1,9.3,1.32,0.828358209,0.930472103,0.870967742,0.67
5/18/2022,8.8,11.7,84,851,1191,1068,0.5,0.2,0.2,9.7,1.33,0.910160428,0.896725441,0.907216495,0.74
5/19/2022,7.5,10.2,82,968,1164,926,1.3,0.1,0.2,9.1,1.36,0.921904762,0.795532646,0.824175824,0.6
5/20/2022,9.9,10.3,55,808,1000,1000,1.1,0.3,0.2,11.5,1.04,0.93626883,1,0.860869565,0.81
5/21/2022,9.1,9.1,148,980,1127,943,1.3,0.3,0.2,10.9,1,0.868794326,0.836734694,0.834862385,0.61
5/22/2022,7,11.1,105,892,1010,949,0.5,0.5,0.3,8.3,1.59,0.894684052,0.93960396,0.843373494,0.71
5/23/2022,8,8.7,180,927,1052,861,1.3,0.3,0.1,9.7,1.09,0.837398374,0.818441065,0.824742268,0.57
5/24/2022,7.2,9.3,121,932,1012,977,1.1,0.2,0.1,8.6,1.29,0.885090218,0.96541502,0.837209302,0.72
5/25/2022,7.1,9.7,195,979,1121,856,1.1,0.4,0.3,8.9,1.37,0.833901193,0.763603925,0.797752809,0.51
5/26/2022,6.1,10,78,927,1137,899,1.1,0.2,0.2,7.6,1.64,0.92238806,0.790677221,0.802631579,0.59
5/27/2022,8.4,9,180,923,1023,1023,1.4,0.5,0.3,10.6,1.07,0.836808704,1,0.79245283,0.66
5/28/2022,8,8.5,166,813,1077,862,1.1,0.2,0.2,9.5,1.06,0.830439224,0.800371402,0.842105263,0.56
5/29/2022,6.2,10.4,166,904,1091,821,1.1,0.3,0.3,7.9,1.68,0.844859813,0.752520623,0.784810127,0.5
5/30/2022,7.1,9.2,177,830,1074,821,1.5,0.1,0.2,8.9,1.3,0.824230387,0.76443203,0.797752809,0.5
5/31/2022,9.6,10.3,164,947,1024,1024,1.3,0.3,0.2,11.4,1.07,0.852385239,1,0.842105263,0.72
6/1/2022,7,8.6,144,902,1084,952,0.9,0.4,0.3,8.6,1.23,0.862332696,0.878228782,0.813953488,0.62
6/2/2022,6.6,9.9,70,936,1150,923,1.2,0.4,0.2,8.4,1.5,0.930417495,0.802608696,0.785714286,0.59
6/3/2022,8,10.1,55,808,1014,1014,0.9,0.2,0.1,9.2,1.26,0.93626883,1,0.869565217,0.81
6/4/2022,8.2,8.2,188,817,1016,1016,0.7,0.2,0.2,9.3,1,0.812935323,1,0.88172043,0.72
6/5/2022,7,9.3,142,943,1071,900,1.1,0.4,0.1,8.6,1.33,0.869124424,0.840336134,0.813953488,0.59
6/6/2022,8.5,8.5,169,814,1188,1008,1.4,0.5,0.1,10.5,1,0.828077314,0.848484848,0.80952381,0.57
6/7/2022,8.3,8.3,122,814,1134,1031,1.4,0.1,0.2,10,1,0.86965812,0.909171076,0.83,0.66
6/8/2022,7,12,68,802,1136,996,0.8,0.3,0.2,8.3,1.71,0.92183908,0.876760563,0.843373494,0.68
6/9/2022,8.9,9.3,69,991,1072,845,1,0.2,0.2,10.3,1.04,0.93490566,0.788246269,0.86407767,0.64
6/10/2022,7.5,11.2,153,948,1119,1063,0.7,0.4,0.2,8.8,1.49,0.861035422,0.949955317,0.852272727,0.7
6/11/2022,8.5,9,115,871,1002,962,1.5,0.1,0.2,10.3,1.06,0.88336714,0.96007984,0.825242718,0.7
6/12/2022,8.5,10.7,80,859,1127,885,1.5,0.2,0.1,10.3,1.26,0.914802982,0.78527063,0.825242718,0.59
6/13/2022,8.1,11,124,870,1183,928,1.1,0.4,0.1,9.7,1.36,0.875251509,0.784446323,0.835051546,0.57
6/14/2022,6.4,10.4,60,955,1123,811,1.3,0.1,0.1,7.9,1.62,0.9408867,0.722172752,0.810126582,0.55
6/15/2022,9.3,9.9,137,932,1175,838,1.2,0.3,0.2,11,1.06,0.871842844,0.713191489,0.845454545,0.53
6/16/2022,7.3,9.6,90,837,1145,1030,1.1,0.3,0.1,8.8,1.32,0.902912621,0.899563319,0.829545455,0.67
6/17/2022,6.7,9.4,170,835,1024,800,0.6,0.2,0.2,7.7,1.4,0.830845771,0.78125,0.87012987,0.56
6/18/2022,6.2,11.7,97,820,1180,925,1,0.3,0.2,7.7,1.89,0.894220284,0.783898305,0.805194805,0.56
6/19/2022,8.4,11.3,118,932,1013,957,1.2,0.3,0.3,10.2,1.35,0.887619048,0.944718657,0.823529412,0.69
6/20/2022,8.7,11.9,52,953,1107,816,1.2,0.2,0.1,10.2,1.37,0.948258706,0.737127371,0.852941176,0.6
6/21/2022,6.1,8.5,61,853,1028,1028,0.9,0.3,0.2,7.5,1.39,0.933260394,1,0.813333333,0.76
6/22/2022,8,10.9,109,804,1002,868,1.4,0.4,0.2,10,1.36,0.880613363,0.866267465,0.8,0.61
6/23/2022,6.9,11.8,122,816,1084,891,0.7,0.4,0.3,8.3,1.71,0.869936034,0.82195572,0.831325301,0.59
6/24/2022,8.6,8.7,140,994,1059,891,1,0.2,0.3,10.1,1.01,0.87654321,0.841359773,0.851485149,0.63
6/25/2022,6.7,8.3,94,859,1097,869,1.2,0.2,0.1,8.2,1.24,0.901364113,0.792160438,0.817073171,0.58
6/26/2022,8.8,11,154,954,1115,800,1.2,0.2,0.1,10.3,1.25,0.86101083,0.717488789,0.854368932,0.53
6/27/2022,7.5,10.3,179,925,1009,1009,1.1,0.2,0.3,9.1,1.37,0.837862319,1,0.824175824,0.69
6/28/2022,9.7,11.4,167,876,1025,1025,0.8,0.3,0.2,11,1.18,0.839884947,1,0.881818182,0.74
6/29/2022,6.6,8.6,56,841,1112,867,0.7,0.4,0.2,7.9,1.3,0.937569677,0.779676259,0.835443038,0.61
6/30/2022,7.4,11.2,122,824,1069,999,1.1,0.1,0.2,8.8,1.51,0.871035941,0.934518241,0.840909091,0.68
7/1/2022,6.5,8.8,66,923,1146,1023,1.1,0.1,0.2,7.9,1.35,0.933265925,0.892670157,0.82278481,0.69
7/2/2022,8.7,8.7,86,955,1130,1055,0.7,0.3,0.3,10,1,0.917387128,0.933628319,0.87,0.75
7/3/2022,8.7,8.7,198,929,1169,927,1.2,0.4,0.3,10.6,1,0.824312334,0.792985458,0.820754717,0.54
7/4/2022,7,11.3,71,906,1138,891,1,0.2,0.2,8.4,1.61,0.927328557,0.782952548,0.833333333,0.61
7/5/2022,8.6,10.7,125,808,1086,898,1.2,0.4,0.2,10.4,1.24,0.86602358,0.826887661,0.826923077,0.59
7/6/2022,9.3,10.1,143,994,1135,1014,1.3,0.2,0.3,11.1,1.09,0.874230431,0.89339207,0.837837838,0.65
7/7/2022,8.2,9.4,155,960,1055,1045,0.7,0.5,0.1,9.5,1.15,0.860986547,0.990521327,0.863157895,0.74
7/8/2022,8.1,11.5,134,859,1061,854,0.5,0.5,0.1,9.2,1.42,0.865055388,0.804901037,0.880434783,0.61
7/9/2022,7,9.6,51,996,1158,911,1.3,0.2,0.3,8.8,1.37,0.951289398,0.786701209,0.795454545,0.6
7/10/2022,6.4,11.3,99,920,1089,1071,1.1,0.2,0.2,7.9,1.77,0.902845927,0.983471074,0.810126582,0.72
7/11/2022,9.6,9.8,128,916,1160,1042,1.2,0.3,0.1,11.2,1.02,0.877394636,0.898275862,0.857142857,0.68
7/12/2022,9.5,9.5,63,950,1164,1095,1.3,0.2,0.1,11.1,1,0.93780849,0.940721649,0.855855856,0.76
7/13/2022,8.5,9.9,103,962,1172,1026,1.3,0.4,0.3,10.5,1.16,0.903286385,0.875426621,0.80952381,0.64
7/14/2022,7.4,9.2,55,931,1183,918,1.5,0.4,0.2,9.5,1.24,0.944219067,0.775993238,0.778947368,0.57
7/15/2022,7.4,11,62,826,1086,977,1,0.4,0.2,9,1.49,0.93018018,0.899631676,0.822222222,0.69
7/16/2022,8.9,10,110,868,1064,998,1,0.4,0.1,10.4,1.12,0.887525562,0.937969925,0.855769231,0.71
7/17/2022,8.9,8.9,70,986,1116,824,0.9,0.3,0.3,10.4,1,0.933712121,0.738351254,0.855769231,0.59
7/18/2022,9.5,11.6,135,845,1074,963,0.7,0.2,0.3,10.7,1.22,0.862244898,0.896648045,0.887850467,0.69
7/19/2022,9.1,9.5,153,874,1120,1013,1.1,0.4,0.2,10.8,1.04,0.851022395,0.904464286,0.842592593,0.65
7/20/2022,8.6,10.2,170,886,1141,850,0.8,0.2,0.2,9.8,1.19,0.839015152,0.744960561,0.87755102,0.55
7/21/2022,6.3,11.6,80,888,1138,1034,1.4,0.4,0.1,8.2,1.84,0.917355372,0.908611599,0.768292683,0.64
7/22/2022,6.6,10.5,75,923,1075,975,1.1,0.2,0.3,8.2,1.59,0.924849699,0.906976744,0.804878049,0.68
7/23/2022,8.5,8.5,66,989,1033,1033,1.1,0.1,0.2,9.9,1,0.937440758,1,0.858585859,0.8
7/24/2022,8.4,11.8,145,848,1086,813,0.9,0.5,0.3,10.1,1.4,0.853977845,0.748618785,0.831683168,0.53
7/25/2022,6,10.5,156,824,1029,880,0.6,0.2,0.2,7,1.75,0.840816327,0.855199223,0.857142857,0.62
7/26/2022,6.4,9.3,55,839,1178,980,0.5,0.5,0.3,7.7,1.45,0.938478747,0.831918506,0.831168831,0.65
7/27/2022,8.6,8.6,190,977,1069,889,0.9,0.5,0.3,10.3,1,0.837189374,0.831618335,0.834951456,0.58
7/28/2022,6,11.2,58,929,1031,1014,0.6,0.4,0.2,7.2,1.87,0.941236069,0.983511154,0.833333333,0.77
7/29/2022,6.6,10.5,131,857,1005,1005,1.1,0.4,0.3,8.4,1.59,0.867408907,1,0.785714286,0.68
7/30/2022,8.2,10.1,156,963,1129,831,1.4,0.3,0.2,10.1,1.23,0.860589812,0.736049601,0.811881188,0.51
7/31/2022,8.8,11.6,181,972,1127,954,1.4,0.4,0.1,10.7,1.32,0.843018213,0.84649512,0.822429907,0.59
8/1/2022,8.6,11.2,157,969,1068,953,1.2,0.2,0.2,10.2,1.3,0.860568384,0.892322097,0.843137255,0.65
8/2/2022,6.9,8.6,170,984,1014,911,0.7,0.3,0.2,8.1,1.25,0.852686308,0.898422091,0.851851852,0.65
8/3/2022,8.8,9.2,101,850,1082,1080,1.4,0.3,0.2,10.7,1.05,0.893796004,0.998151571,0.822429907,0.73
8/4/2022,6.9,9,172,951,1062,1048,1.4,0.3,0.1,8.7,1.3,0.846838825,0.986817326,0.793103448,0.66
8/5/2022,7.3,11,62,892,1135,1009,0.7,0.3,0.2,8.5,1.51,0.935010482,0.888986784,0.858823529,0.71
8/6/2022,8.1,8.1,184,968,1121,1014,1.2,0.2,0.2,9.7,1,0.840277778,0.904549509,0.835051546,0.63
8/7/2022,8.6,10.3,132,946,1073,939,0.8,0.3,0.2,9.9,1.2,0.87755102,0.875116496,0.868686869,0.67
8/8/2022,9.4,11,173,955,1044,1044,1.3,0.4,0.2,11.3,1.17,0.846631206,1,0.831858407,0.7
8/9/2022,8.6,11.5,118,931,1198,1008,1.5,0.2,0.2,10.5,1.34,0.887511916,0.841402337,0.819047619,0.61
8/10/2022,8.3,9.4,147,835,1091,1019,0.5,0.5,0.1,9.4,1.13,0.850305499,0.9340055,0.882978723,0.7
8/11/2022,6.4,11.3,129,909,1138,1059,1.4,0.4,0.2,8.4,1.77,0.875722543,0.930579965,0.761904762,0.62
8/12/2022,7.5,8.4,160,997,1028,882,1.1,0.4,0.2,9.2,1.12,0.861711322,0.857976654,0.815217391,0.6
8/13/2022,7.1,11.4,62,987,1097,1042,1.5,0.3,0.1,9,1.61,0.940896092,0.949863263,0.788888889,0.71
8/14/2022,7,8.5,59,809,1006,859,1,0.4,0.3,8.7,1.21,0.93202765,0.85387674,0.804597701,0.64
8/15/2022,9.6,9.6,87,833,1101,904,1.3,0.1,0.3,11.3,1,0.905434783,0.821071753,0.849557522,0.63
8/16/2022,7.6,11.2,74,826,1193,901,0.6,0.4,0.2,8.8,1.47,0.917777778,0.755238894,0.863636364,0.6
8/17/2022,8.6,8.6,181,945,1077,1077,0.8,0.1,0.3,9.8,1,0.839253996,1,0.87755102,0.74
8/18/2022,8.5,8.9,83,964,1008,1008,0.6,0.5,0.3,9.9,1.05,0.920725883,1,0.858585859,0.79
8/19/2022,9.2,10.9,196,843,1006,1006,1.5,0.5,0.3,11.5,1.18,0.811357074,1,0.8,0.65
8/20/2022,8,10.9,101,901,1078,1018,1.3,0.2,0.1,9.6,1.36,0.899201597,0.944341373,0.833333333,0.71
8/21/2022,8.3,10.6,77,968,1032,969,1.4,0.2,0.3,10.2,1.28,0.926315789,0.938953488,0.81372549,0.71
8/22/2022,8,10.8,168,947,1005,1005,1.4,0.4,0.2,10,1.35,0.849327354,1,0.8,0.68
8/23/2022,6.8,10.2,149,908,1151,949,0.6,0.2,0.2,7.8,1.5,0.859035005,0.824500434,0.871794872,0.62
8/24/2022,8.9,9,125,918,1092,914,0.9,0.4,0.1,10.3,1.01,0.880153404,0.836996337,0.86407767,0.64
8/25/2022,7.1,9.4,133,902,1058,849,0.6,0.1,0.2,8,1.32,0.871497585,0.802457467,0.8875,0.62
8/26/2022,6.1,8.7,158,860,1180,1036,0.7,0.2,0.1,7.1,1.43,0.844793713,0.877966102,0.85915493,0.64
8/27/2022,8.6,11.6,84,913,1023,1020,0.7,0.5,0.1,9.9,1.35,0.915747242,0.997067449,0.868686869,0.79
8/28/2022,6.7,10.3,199,938,1191,915,1,0.4,0.2,8.3,1.54,0.824978012,0.768261965,0.807228916,0.51
8/29/2022,9.6,9.6,196,975,1063,808,0.8,0.4,0.3,11.1,1,0.832621691,0.760112888,0.864864865,0.55
8/30/2022,9.8,9.8,148,927,1178,1052,0.6,0.2,0.3,10.9,1,0.862325581,0.893039049,0.899082569,0.69
8/31/2022,9.7,11.8,80,952,1121,803,0.7,0.4,0.2,11,1.22,0.92248062,0.71632471,0.881818182,0.58
9/1/2022,7.5,8.6,152,832,1165,1011,0.6,0.3,0.3,8.7,1.15,0.845528455,0.867811159,0.862068966,0.63
9/2/2022,6.1,10.3,61,892,1197,1091,1.5,0.3,0.3,8.2,1.69,0.935991605,0.91144528,0.743902439,0.63
9/3/2022,9.7,10,55,802,1058,931,1.3,0.4,0.3,11.7,1.03,0.935822637,0.879962193,0.829059829,0.68
9/4/2022,7.7,10.4,89,849,1192,870,1.5,0.3,0.1,9.6,1.35,0.905117271,0.729865772,0.802083333,0.53
9/5/2022,8.1,8.1,119,945,1078,1011,0.9,0.3,0.2,9.5,1,0.888157895,0.937847866,0.852631579,0.71
9/6/2022,9.9,11.5,180,998,1077,1045,0.8,0.2,0.3,11.2,1.16,0.847198642,0.970287837,0.883928571,0.73
9/7/2022,9.4,11.7,159,820,1068,964,1.3,0.4,0.2,11.3,1.24,0.837589377,0.902621723,0.831858407,0.63
9/8/2022,7.2,10.3,161,880,1108,1090,0.8,0.2,0.2,8.4,1.43,0.845341018,0.983754513,0.857142857,0.71
9/9/2022,7.5,10.8,114,960,1031,816,0.8,0.4,0.2,8.9,1.44,0.893854749,0.791464597,0.842696629,0.6
9/10/2022,9.4,11.7,102,841,1111,951,0.7,0.2,0.2,10.5,1.24,0.891834571,0.855985599,0.895238095,0.68
9/11/2022,7.3,10.8,106,911,1108,1016,0.6,0.4,0.2,8.5,1.48,0.895771878,0.916967509,0.858823529,0.71
9/12/2022,6.7,8.6,198,947,1152,1059,0.8,0.4,0.1,8,1.28,0.827074236,0.919270833,0.8375,0.64
9/13/2022,8.2,10.3,56,923,1167,854,0.9,0.2,0.2,9.5,1.26,0.942798774,0.731790917,0.863157895,0.6
9/14/2022,9.7,10.4,180,838,1088,1040,1.2,0.1,0.3,11.3,1.07,0.823182711,0.955882353,0.85840708,0.68
9/15/2022,8.8,9.7,137,871,1060,966,0.6,0.2,0.3,9.9,1.1,0.864087302,0.911320755,0.888888889,0.7
9/16/2022,8.3,10.9,116,957,1052,919,0.7,0.3,0.1,9.4,1.31,0.891891892,0.873574144,0.882978723,0.69
9/17/2022,6.4,11.7,159,911,1039,840,1.3,0.4,0.3,8.4,1.83,0.851401869,0.808469682,0.761904762,0.52
9/18/2022,8.5,11.7,123,801,1012,1012,0.6,0.1,0.2,9.4,1.38,0.866883117,1,0.904255319,0.78
9/19/2022,9.8,9.8,181,952,1068,847,0.8,0.4,0.2,11.2,1,0.840247132,0.793071161,0.875,0.58
9/20/2022,6.6,8.5,185,807,1054,893,1.4,0.2,0.3,8.5,1.29,0.813508065,0.847248577,0.776470588,0.54
9/21/2022,8.1,11.9,113,949,1193,887,0.7,0.3,0.3,9.4,1.47,0.893596987,0.743503772,0.861702128,0.57
9/22/2022,9.5,11.4,92,840,1112,1061,0.6,0.5,0.3,10.9,1.2,0.901287554,0.954136691,0.871559633,0.75
9/23/2022,8.5,8.5,139,992,1069,1002,1,0.2,0.2,9.9,1,0.877099912,0.937324602,0.858585859,0.71
9/24/2022,8.8,11.7,187,874,1116,1039,0.8,0.3,0.3,10.2,1.33,0.823751178,0.931003584,0.862745098,0.66
9/25/2022,8.8,11.5,82,865,1028,875,1.1,0.1,0.1,10.1,1.31,0.913410771,0.851167315,0.871287129,0.68
9/26/2022,7.4,10.1,143,830,1089,987,1.3,0.1,0.2,9,1.36,0.85303186,0.906336088,0.822222222,0.64
9/27/2022,7.2,10.4,145,861,1125,972,0.6,0.2,0.2,8.2,1.44,0.855864811,0.864,0.87804878,0.65
9/28/2022,9.2,9.6,160,975,1098,1050,1.1,0.1,0.2,10.6,1.04,0.859030837,0.956284153,0.867924528,0.71
9/29/2022,8.2,8.2,70,999,1080,1072,1,0.4,0.2,9.8,1,0.934518241,0.992592593,0.836734694,0.78
9/30/2022,9.3,9.3,157,874,1199,804,0.6,0.3,0.3,10.5,1,0.84772066,0.670558799,0.885714286,0.5
10/1/2022,9.7,11.2,186,890,1176,1002,1.1,0.3,0.1,11.2,1.15,0.827137546,0.852040816,0.866071429,0.61
10/2/2022,8,8,77,944,1125,816,0.8,0.2,0.1,9.1,1,0.924583741,0.725333333,0.879120879,0.59
10/3/2022,8,9.3,86,977,1114,965,1,0.2,0.2,9.4,1.16,0.919096896,0.866247756,0.85106383,0.68
10/4/2022,9.2,9.6,196,919,1124,886,0.6,0.4,0.2,10.4,1.04,0.824215247,0.788256228,0.884615385,0.57
10/5/2022,8.6,10.1,77,878,1040,892,1,0.5,0.3,10.4,1.17,0.919371728,0.857692308,0.826923077,0.65
10/6/2022,8.8,11.7,178,883,1079,906,0.8,0.1,0.2,9.9,1.33,0.832233742,0.839666358,0.888888889,0.62
10/7/2022,9.2,9.4,124,939,1008,986,1.3,0.5,0.1,11.1,1.02,0.883349012,0.978174603,0.828828829,0.72
10/8/2022,9.4,9.4,87,801,1095,900,0.6,0.3,0.3,10.6,1,0.902027027,0.821917808,0.886792453,0.66
10/9/2022,7.4,11,181,924,1109,1020,0.9,0.3,0.2,8.8,1.49,0.836199095,0.91974752,0.840909091,0.65
10/10/2022,7.5,9.8,117,871,1046,921,1,0.3,0.1,8.9,1.31,0.881578947,0.880497132,0.842696629,0.65
10/11/2022,6.4,8.9,127,959,1193,821,1.2,0.1,0.2,7.9,1.39,0.88305709,0.688181056,0.810126582,0.49
10/12/2022,8.3,9.8,104,819,1182,1035,1.1,0.1,0.2,9.7,1.18,0.887323944,0.875634518,0.855670103,0.66
10/13/2022,6.1,8.6,139,918,1144,886,1.2,0.3,0.2,7.8,1.41,0.868495743,0.774475524,0.782051282,0.53
10/14/2022,7.9,8.7,75,896,1107,930,1.3,0.2,0.2,9.6,1.1,0.922760041,0.840108401,0.822916667,0.64
10/15/2022,8.2,10,109,928,1174,1006,1.4,0.5,0.3,10.4,1.22,0.894889103,0.856899489,0.788461538,0.6
10/16/2022,7.1,9.7,195,813,1026,900,0.8,0.3,0.3,8.5,1.37,0.806547619,0.877192982,0.835294118,0.59
10/17/2022,8.4,11.7,89,916,1158,817,1,0.2,0.2,9.8,1.39,0.911442786,0.70552677,0.857142857,0.55
10/18/2022,6.1,9.4,149,912,1025,912,1.3,0.4,0.1,7.9,1.54,0.859566447,0.889756098,0.772151899,0.59
10/19/2022,6.1,10.3,99,912,1159,1083,1.5,0.2,0.3,8.1,1.69,0.902077151,0.93442623,0.75308642,0.63
10/20/2022,9.3,10.5,166,921,1055,993,1.4,0.3,0.2,11.2,1.13,0.847286109,0.941232227,0.830357143,0.66
10/21/2022,7.4,8.1,70,935,1175,1001,0.9,0.4,0.2,8.9,1.09,0.930348259,0.851914894,0.831460674,0.66
10/22/2022,6.5,10.7,195,961,1189,990,0.7,0.5,0.2,7.9,1.65,0.831314879,0.832632464,0.82278481,0.57
10/23/2022,8.1,8.7,118,854,1030,860,1,0.4,0.3,9.8,1.07,0.878600823,0.834951456,0.826530612,0.61
10/24/2022,9.1,11.8,85,965,1093,926,1.2,0.4,0.2,10.9,1.3,0.919047619,0.847209515,0.834862385,0.65
10/25/2022,6.9,8.6,61,900,1196,1025,1,0.4,0.1,8.4,1.25,0.936524454,0.857023411,0.821428571,0.66
10/26/2022,8.5,9.7,75,815,1097,830,1,0.5,0.2,10.2,1.14,0.915730337,0.756608933,0.833333333,0.58
10/27/2022,6.3,8.3,128,812,1173,883,1.3,0.2,0.3,8.1,1.32,0.863829787,0.752770673,0.777777778,0.51
10/28/2022,6.2,12,101,867,1118,883,0.9,0.1,0.1,7.3,1.94,0.895661157,0.78980322,0.849315068,0.6
10/29/2022,8.1,10,174,957,1075,930,1.4,0.2,0.3,10,1.23,0.846153846,0.865116279,0.81,0.59
10/30/2022,8.2,10.4,115,942,1057,1057,0.9,0.2,0.2,9.5,1.27,0.891201514,1,0.863157895,0.77
10/31/2022,8.3,8.3,87,958,1041,820,0.8,0.4,0.2,9.7,1,0.916746411,0.787704131,0.855670103,0.62
11/1/2022,8.9,11,143,903,1152,956,1,0.4,0.2,10.5,1.24,0.863288719,0.829861111,0.847619048,0.61
11/2/2022,8.8,8.8,156,888,1077,854,1.3,0.3,0.1,10.5,1,0.850574713,0.792943361,0.838095238,0.57
11/3/2022,8.1,11.6,75,829,1102,1091,0.6,0.1,0.3,9.1,1.43,0.917035398,0.990018149,0.89010989,0.81
11/4/2022,7.3,8.8,75,866,1098,834,0.7,0.4,0.2,8.6,1.21,0.920297556,0.759562842,0.848837209,0.59
11/5/2022,8.8,8.8,56,887,1115,921,1.5,0.2,0.3,10.8,1,0.940615058,0.826008969,0.814814815,0.63
11/6/2022,7.1,8.1,160,818,1173,1021,0.7,0.4,0.2,8.4,1.14,0.836400818,0.870417732,0.845238095,0.62
11/7/2022,7.8,9.9,150,844,1196,1011,1.1,0.3,0.1,9.3,1.27,0.849094567,0.845317726,0.838709677,0.6
11/8/2022,6.3,10.3,121,920,1082,927,1.1,0.2,0.1,7.7,1.63,0.88376561,0.856746765,0.818181818,0.62
11/9/2022,6.1,8.3,177,947,1166,904,1,0.2,0.2,7.5,1.36,0.84252669,0.775300172,0.813333333,0.53
11/10/2022,9.9,11.1,171,1000,1153,919,1.1,0.1,0.3,11.4,1.12,0.853970965,0.797051171,0.868421053,0.59
11/11/2022,9.3,9.8,138,987,1115,879,0.7,0.4,0.2,10.6,1.05,0.877333333,0.788340807,0.877358491,0.61
11/12/2022,8.8,10.1,180,929,1191,862,1.1,0.5,0.2,10.6,1.15,0.837691614,0.723761545,0.830188679,0.5
11/13/2022,7.6,9.8,81,884,1040,945,0.9,0.4,0.2,9.1,1.29,0.916062176,0.908653846,0.835164835,0.7
11/14/2022,6.7,9.6,67,927,1022,881,1.2,0.1,0.2,8.2,1.43,0.932595573,0.862035225,0.817073171,0.66
11/15/2022,6.6,10.2,90,957,1171,886,0.6,0.3,0.2,7.7,1.55,0.914040115,0.756618275,0.857142857,0.59
11/16/2022,7,8.6,59,824,1088,997,1.1,0.4,0.3,8.8,1.23,0.933182333,0.916360294,0.795454545,0.68
11/17/2022,8.2,8.7,130,882,1169,1091,0.7,0.4,0.2,9.5,1.06,0.871541502,0.933276305,0.863157895,0.7
11/18/2022,8.9,11.4,190,968,1179,981,0.8,0.1,0.2,10,1.28,0.835924007,0.832061069,0.89,0.62
11/19/2022,8.6,11.8,56,877,1012,823,0.7,0.1,0.1,9.5,1.37,0.939978564,0.813241107,0.905263158,0.69
11/20/2022,7.1,9.5,68,914,1177,823,0.7,0.4,0.3,8.5,1.34,0.930753564,0.699235344,0.835294118,0.54
11/21/2022,9.1,9.1,118,918,1090,1085,1.3,0.2,0.1,10.7,1,0.886100386,0.995412844,0.85046729,0.75
11/22/2022,9,10.6,190,837,1102,889,0.8,0.2,0.1,10.1,1.18,0.814995131,0.806715064,0.891089109,0.59
11/23/2022,8.2,9.6,97,872,1125,828,1.4,0.1,0.2,9.9,1.17,0.899896801,0.736,0.828282828,0.55
11/24/2022,8.1,8.1,126,867,1185,980,1.5,0.3,0.2,10.1,1,0.873111782,0.827004219,0.801980198,0.58
11/25/2022,7.7,8.6,56,805,1004,987,1.1,0.4,0.2,9.4,1.12,0.93495935,0.983067729,0.819148936,0.75
11/26/2022,7,10.9,72,805,1095,995,0.6,0.5,0.2,8.3,1.56,0.917901938,0.908675799,0.843373494,0.7
11/27/2022,7.4,10.6,198,966,1138,880,0.9,0.3,0.3,8.9,1.43,0.829896907,0.773286467,0.831460674,0.53
11/28/2022,8.1,8.1,195,855,1145,805,1.3,0.3,0.1,9.8,1,0.814285714,0.703056769,0.826530612,0.47
11/29/2022,6.1,8.9,51,904,1139,1090,0.9,0.1,0.3,7.4,1.46,0.946596859,0.956979807,0.824324324,0.75
11/30/2022,6.5,8.9,193,860,1027,875,0.6,0.3,0.2,7.6,1.37,0.81671415,0.851996105,0.855263158,0.6
12/1/2022,6.2,10.7,146,988,1060,1003,1.1,0.3,0.2,7.8,1.73,0.871252205,0.946226415,0.794871795,0.66
12/2/2022,6.2,8.1,180,852,1072,1012,1.3,0.3,0.2,8,1.31,0.825581395,0.944029851,0.775,0.6
12/3/2022,8.4,8.4,118,886,1161,983,1.3,0.3,0.2,10.2,1,0.88247012,0.846683893,0.823529412,0.62
12/4/2022,8.8,11.2,127,975,1056,894,0.7,0.2,0.3,10,1.27,0.884754991,0.846590909,0.88,0.66
12/5/2022,7.9,8.7,123,968,1042,881,1.2,0.1,0.2,9.4,1.1,0.887259395,0.845489443,0.840425532,0.63
12/6/2022,6.4,10.6,150,837,1191,979,0.7,0.2,0.2,7.5,1.66,0.848024316,0.821998321,0.853333333,0.59
12/7/2022,8,9,71,961,1002,1002,0.7,0.1,0.2,9,1.12,0.93120155,1,0.888888889,0.83
12/8/2022,7.9,8.4,54,892,1200,1084,1.4,0.2,0.3,9.8,1.06,0.942917548,0.903333333,0.806122449,0.69
12/9/2022,6.7,9,96,897,1135,832,0.7,0.5,0.2,8.1,1.34,0.903323263,0.733039648,0.827160494,0.55
12/10/2022,7.7,10.9,156,827,1166,846,0.8,0.3,0.3,9.1,1.42,0.841302136,0.725557461,0.846153846,0.52
12/11/2022,7.6,11.4,80,816,1059,1059,0.5,0.3,0.2,8.6,1.5,0.910714286,1,0.88372093,0.8
12/12/2022,8.5,11.3,151,946,1003,1003,1.4,0.4,0.1,10.4,1.33,0.862351869,1,0.817307692,0.7
12/13/2022,8.5,9.6,195,899,1148,1065,1.3,0.5,0.1,10.4,1.13,0.821755027,0.927700348,0.817307692,0.62
12/14/2022,6.2,10.7,64,887,1167,861,1.1,0.3,0.2,7.8,1.73,0.932702419,0.737789203,0.794871795,0.55
12/15/2022,7.5,8.8,151,946,1148,976,1.3,0.4,0.1,9.3,1.17,0.862351869,0.850174216,0.806451613,0.59
12/16/2022,8.5,9.2,117,953,1029,1010,0.7,0.2,0.1,9.5,1.08,0.890654206,0.981535471,0.894736842,0.78
12/17/2022,8,11.6,180,832,1151,1004,1,0.2,0.3,9.5,1.45,0.822134387,0.87228497,0.842105263,0.6
12/18/2022,8.1,8.1,77,922,1154,922,0.9,0.3,0.3,9.6,1,0.922922923,0.798960139,0.84375,0.62
12/19/2022,8.3,8.3,154,827,1132,805,0.6,0.4,0.2,9.5,1,0.843017329,0.711130742,0.873684211,0.52
12/20/2022,6.7,8.8,176,950,1153,975,1,0.4,0.1,8.2,1.31,0.843694494,0.845620121,0.817073171,0.58
12/21/2022,6.3,8.1,192,931,1169,876,1.4,0.2,0.1,8,1.29,0.829029386,0.749358426,0.7875,0.49
12/22/2022,8.6,8.7,152,991,1123,935,0.5,0.2,0.1,9.4,1.01,0.867016623,0.832591273,0.914893617,0.66
12/23/2022,6.1,10.3,125,814,1018,1018,0.8,0.4,0.2,7.5,1.69,0.866879659,1,0.813333333,0.71
12/24/2022,8.3,9.7,143,811,1098,920,0.7,0.2,0.3,9.5,1.17,0.850104822,0.837887067,0.873684211,0.62
12/25/2022,9.8,11.6,180,856,1016,1016,0.7,0.3,0.2,11,1.18,0.826254826,1,0.890909091,0.74
12/26/2022,8.3,11.3,136,852,1082,857,1.4,0.4,0.1,10.2,1.36,0.862348178,0.792051756,0.81372549,0.56
12/27/2022,7.6,9.4,55,849,1081,1002,1,0.4,0.2,9.2,1.24,0.939159292,0.926919519,0.826086957,0.72
12/28/2022,8.6,9,190,981,1013,1013,1,0.4,0.2,10.2,1.05,0.837745517,1,0.843137255,0.71
12/29/2022,7.8,9.5,153,850,1070,831,1.3,0.4,0.2,9.7,1.22,0.847457627,0.776635514,0.804123711,0.53
12/30/2022,8.2,10.4,151,854,1022,802,0.7,0.3,0.2,9.4,1.27,0.849751244,0.784735812,0.872340426,0.58
12/31/2022,9.1,9.1,82,952,1162,930,1,0.4,0.2,10.7,1,0.920696325,0.800344234,0.85046729,0.63
1/1/2023,7.5,10.5,149,890,1190,828,0.9,0.3,0.1,8.8,1.4,0.856592878,0.695798319,0.852272727,0.51
1/2/2023,9.6,9.6,109,955,1014,1014,1.1,0.2,0.1,11,1,0.897556391,1,0.872727273,0.78
1/3/2023,9.6,10.2,148,813,1191,1074,1.5,0.1,0.3,11.5,1.06,0.845993757,0.901763224,0.834782609,0.64
1/4/2023,6.8,9.7,66,898,1105,930,1.3,0.2,0.1,8.4,1.43,0.93153527,0.841628959,0.80952381,0.63
1/5/2023,6.3,9.2,149,807,1060,878,0.9,0.3,0.1,7.6,1.46,0.844142259,0.828301887,0.828947368,0.58
1/6/2023,6.4,11.8,200,813,1015,930,1.3,0.3,0.1,8.1,1.84,0.802566634,0.916256158,0.790123457,0.58
1/7/2023,6.1,11.1,57,981,1100,1017,0.7,0.4,0.1,7.3,1.82,0.945086705,0.924545455,0.835616438,0.73
1/8/2023,6.4,8.6,197,828,1159,803,0.5,0.2,0.2,7.3,1.34,0.807804878,0.692838654,0.876712329,0.49
1/9/2023,8.7,11.5,111,906,1141,977,0.7,0.2,0.3,9.9,1.32,0.890855457,0.856266433,0.878787879,0.67
1/10/2023,6.3,9.9,181,882,1010,984,0.8,0.5,0.2,7.8,1.57,0.829727187,0.974257426,0.807692308,0.65
1/11/2023,7.3,11.6,167,869,1015,991,1,0.1,0.2,8.6,1.59,0.838803089,0.97635468,0.848837209,0.7
1/12/2023,9.4,11.2,135,980,1081,873,1.1,0.3,0.2,11,1.19,0.878923767,0.807585569,0.854545455,0.61
1/13/2023,6.1,9.7,161,804,1059,1014,1.4,0.3,0.2,8,1.59,0.833160622,0.957507082,0.7625,0.61
1/14/2023,8.1,8.1,182,933,1046,827,1,0.3,0.3,9.7,1,0.8367713,0.790630975,0.835051546,0.55
1/15/2023,7.1,9.1,111,993,1056,860,1,0.1,0.3,8.5,1.28,0.899456522,0.814393939,0.835294118,0.61
1/16/2023,6.5,10.2,99,912,1161,1063,0.6,0.1,0.1,7.3,1.57,0.902077151,0.915590009,0.890410959,0.74
1/17/2023,8.8,10.5,150,987,1186,1022,0.5,0.1,0.3,9.7,1.19,0.868073879,0.861720067,0.907216495,0.68
1/18/2023,8.5,9,171,810,1081,804,1.1,0.3,0.2,10.1,1.06,0.825688073,0.743755782,0.841584158,0.52
1/19/2023,8.6,8.6,164,884,1181,875,0.9,0.3,0.3,10.1,1,0.84351145,0.740897544,0.851485149,0.53
1/20/2023,8.9,11.3,170,852,1064,864,1.3,0.2,0.2,10.6,1.27,0.833659491,0.812030075,0.839622642,0.57
1/21/2023,9.2,11.9,115,946,1095,881,0.7,0.4,0.3,10.6,1.29,0.891611687,0.80456621,0.867924528,0.62
1/22/2023,7.1,10.1,173,996,1045,874,0.5,0.4,0.3,8.3,1.42,0.852010265,0.836363636,0.855421687,0.61
1/23/2023,6.7,8.7,68,851,1128,819,0.9,0.1,0.1,7.8,1.3,0.926006529,0.72606383,0.858974359,0.58
1/24/2023,9,9.1,132,931,1196,938,0.7,0.3,0.2,10.2,1.01,0.875823142,0.784280936,0.882352941,0.61
1/25/2023,8.1,8.1,51,840,1121,1020,0.5,0.4,0.3,9.3,1,0.942760943,0.909901873,0.870967742,0.75
1/26/2023,10,11.7,99,913,1072,982,1.2,0.2,0.3,11.7,1.17,0.902173913,0.916044776,0.854700855,0.71
1/27/2023,7.7,8.5,105,893,1130,1002,0.6,0.2,0.1,8.6,1.1,0.894789579,0.886725664,0.895348837,0.71
1/28/2023,7.5,10.3,109,994,1025,824,1.1,0.3,0.2,9.1,1.37,0.901178604,0.803902439,0.824175824,0.6
1/29/2023,9.1,9.1,154,922,1178,1085,0.8,0.5,0.2,10.6,1,0.856877323,0.921052632,0.858490566,0.68
1/30/2023,7.4,10.2,108,870,1101,1052,0.7,0.4,0.1,8.6,1.38,0.889570552,0.955495005,0.860465116,0.73
1/31/2023,9.7,10.6,117,823,1090,1042,0.9,0.3,0.2,11.1,1.09,0.875531915,0.955963303,0.873873874,0.73
2/1/2023,9.4,11.3,86,830,1117,1047,1.3,0.4,0.1,11.2,1.2,0.906113537,0.93733214,0.839285714,0.71
2/2/2023,7.7,8.8,106,845,1125,1080,0.9,0.2,0.3,9.1,1.14,0.888538381,0.96,0.846153846,0.72
2/3/2023,8,8,84,850,1014,963,1.3,0.4,0.2,9.9,1,0.91006424,0.949704142,0.808080808,0.7
2/4/2023,8.5,8.5,61,970,1137,860,0.6,0.3,0.3,9.7,1,0.940834142,0.756376429,0.87628866,0.62
2/5/2023,6.4,11.6,141,912,1048,985,1.3,0.2,0.1,8,1.81,0.866096866,0.939885496,0.8,0.65
2/6/2023,9.6,11.5,150,905,1143,1023,0.7,0.4,0.2,10.9,1.2,0.857819905,0.895013123,0.880733945,0.68
2/7/2023,8,10.4,143,823,1165,1021,1.2,0.3,0.1,9.6,1.3,0.851966874,0.87639485,0.833333333,0.62
2/8/2023,9.3,10.4,120,972,1161,956,1.1,0.2,0.1,10.7,1.12,0.89010989,0.823428079,0.869158879,0.64
2/9/2023,7.3,10.7,107,945,1111,821,1.4,0.5,0.1,9.3,1.47,0.898288973,0.738973897,0.784946237,0.52
2/10/2023,8.7,8.7,180,814,1104,911,0.9,0.1,0.1,9.8,1,0.818913481,0.825181159,0.887755102,0.6
2/11/2023,7.6,11.7,128,942,1029,1029,0.6,0.2,0.2,8.6,1.54,0.880373832,1,0.88372093,0.78
2/12/2023,6,9.7,122,909,1155,975,0.5,0.1,0.2,6.8,1.62,0.881668283,0.844155844,0.882352941,0.66
2/13/2023,9.5,9.5,54,816,1054,961,1.3,0.4,0.2,11.4,1,0.937931034,0.911764706,0.833333333,0.71
2/14/2023,6.4,10.1,101,892,1099,881,1,0.4,0.2,8,1.58,0.898288016,0.801637853,0.8,0.58
2/15/2023,7.3,8.2,107,897,1057,911,1.3,0.2,0.3,9.1,1.12,0.893426295,0.861873226,0.802197802,0.62
2/16/2023,8.7,8.7,110,833,1027,1027,0.7,0.4,0.3,10.1,1,0.883351007,1,0.861386139,0.76
2/17/2023,9.8,11,137,989,1126,1000,0.8,0.3,0.2,11.1,1.12,0.878330373,0.888099467,0.882882883,0.69
2/18/2023,8.3,8.3,130,970,1011,1011,0.5,0.4,0.2,9.4,1,0.881818182,1,0.882978723,0.78
2/19/2023,8.5,10.4,141,934,1150,936,1.5,0.3,0.1,10.4,1.22,0.868837209,0.813913043,0.817307692,0.58
2/20/2023,7.8,9,165,892,1064,989,1.2,0.3,0.3,9.6,1.15,0.843897824,0.929511278,0.8125,0.64
2/21/2023,7.2,9.6,172,882,1000,875,1.4,0.5,0.1,9.2,1.33,0.836812144,0.875,0.782608696,0.57
2/22/2023,7.3,9.2,158,930,1102,1012,0.8,0.2,0.2,8.5,1.26,0.854779412,0.918330309,0.858823529,0.67
2/23/2023,8.7,9.4,193,909,1009,928,1.1,0.1,0.2,10.1,1.08,0.824863884,0.919722498,0.861386139,0.65
2/24/2023,9,10.9,53,812,1055,933,1.2,0.3,0.2,10.7,1.21,0.938728324,0.88436019,0.841121495,0.7
2/25/2023,9.2,9.2,79,903,1141,995,0.8,0.5,0.1,10.6,1,0.919551935,0.872042068,0.867924528,0.7
2/26/2023,9.2,10.3,51,961,1013,1013,1.3,0.3,0.3,11.1,1.12,0.949604743,1,0.828828829,0.79
2/27/2023,6.4,9.9,147,892,1168,819,1.4,0.1,0.1,8,1.55,0.858517806,0.70119863,0.8,0.48
2/28/2023,8,10.7,185,810,1001,1001,1.4,0.2,0.2,9.8,1.34,0.814070352,1,0.816326531,0.66
3/1/2023,6.2,11.7,87,957,1049,888,1.2,0.3,0.1,7.8,1.89,0.916666667,0.846520496,0.794871795,0.62
3/2/2023,8.2,10.9,189,840,1148,933,0.8,0.2,0.1,9.3,1.33,0.816326531,0.81271777,0.88172043,0.58
3/3/2023,7.8,8.9,59,852,1063,807,0.8,0.4,0.3,9.3,1.14,0.935236004,0.759172154,0.838709677,0.6
3/4/2023,8.1,8.1,190,833,1020,890,1.5,0.5,0.1,10.2,1,0.81427175,0.87254902,0.794117647,0.56
3/5/2023,7.4,9,103,866,1072,951,0.5,0.3,0.3,8.5,1.22,0.89370485,0.887126866,0.870588235,0.69
3/6/2023,6.5,10.4,65,951,1054,817,1.2,0.2,0.2,8.1,1.6,0.936023622,0.775142315,0.802469136,0.58
3/7/2023,6.6,8.2,123,904,1169,947,1.2,0.3,0.1,8.2,1.24,0.88023369,0.810094098,0.804878049,0.57
3/8/2023,9,10,89,841,1063,1063,1.1,0.1,0.3,10.5,1.11,0.904301075,1,0.857142857,0.78
3/9/2023,8.5,10.4,93,976,1158,832,1.5,0.5,0.1,10.6,1.22,0.913002806,0.718480138,0.801886792,0.53
3/10/2023,6.4,9.3,96,976,1178,1029,0.8,0.3,0.3,7.8,1.45,0.910447761,0.873514431,0.820512821,0.65
3/11/2023,6.3,11.1,170,974,1087,923,0.8,0.3,0.1,7.5,1.76,0.851398601,0.849126035,0.84,0.61
3/12/2023,8.4,8.4,131,848,1182,997,0.6,0.4,0.3,9.7,1,0.86618999,0.843485618,0.865979381,0.63
3/13/2023,6.3,8.3,97,890,1075,878,0.9,0.3,0.1,7.6,1.32,0.901722391,0.816744186,0.828947368,0.61
3/14/2023,9.3,10.9,142,997,1193,848,0.8,0.4,0.2,10.7,1.17,0.875329236,0.710813076,0.869158879,0.54
3/15/2023,8.8,10,157,954,1018,848,0.8,0.1,0.3,10,1.14,0.858685869,0.833005894,0.88,0.63
3/16/2023,6.3,10.8,91,805,1137,821,1.3,0.4,0.3,8.3,1.71,0.8984375,0.722075638,0.759036145,0.49
3/17/2023,6.3,9.7,112,813,1099,856,1.4,0.5,0.3,8.5,1.54,0.878918919,0.7788899,0.741176471,0.51
3/18/2023,9,9,68,893,1078,999,0.7,0.4,0.3,10.4,1,0.929240375,0.926716141,0.865384615,0.75
3/19/2023,7.5,11.3,77,982,1127,1065,0.9,0.5,0.3,9.2,1.51,0.927289896,0.94498669,0.815217391,0.71
3/20/2023,7.5,11.2,152,908,1141,1044,1.4,0.2,0.1,9.2,1.49,0.856603774,0.914986854,0.815217391,0.64
3/21/2023,9.3,10.8,77,900,1001,1001,0.6,0.3,0.2,10.4,1.16,0.921187308,1,0.894230769,0.82
3/22/2023,9.1,9.1,129,821,1033,833,0.6,0.3,0.2,10.2,1,0.864210526,0.806389158,0.892156863,0.62
3/23/2023,9.9,10.4,156,931,1143,887,0.7,0.3,0.2,11.1,1.05,0.856485741,0.776027997,0.891891892,0.59
3/24/2023,9,9.4,66,964,1133,893,1.1,0.3,0.2,10.6,1.04,0.93592233,0.788172992,0.849056604,0.63
3/25/2023,7.5,8.4,135,876,1193,875,0.7,0.2,0.2,8.6,1.12,0.866468843,0.733445096,0.872093023,0.55
3/26/2023,6.3,11.7,88,955,1152,955,1.5,0.2,0.1,8.1,1.86,0.915627996,0.828993056,0.777777778,0.59
3/27/2023,8.5,8.5,194,993,1190,961,0.9,0.3,0.2,9.9,1,0.836562763,0.807563025,0.858585859,0.58
3/28/2023,8.2,11.8,123,841,1141,907,1,0.2,0.1,9.5,1.44,0.872406639,0.79491674,0.863157895,0.6
3/29/2023,7.7,9.8,171,905,1060,906,0.7,0.4,0.2,9,1.27,0.841078067,0.854716981,0.855555556,0.62
3/30/2023,8.7,8.7,133,857,1021,1021,1,0.2,0.2,10.1,1,0.865656566,1,0.861386139,0.75
3/31/2023,6.4,10.2,57,959,1156,1037,1.2,0.1,0.3,8,1.59,0.943897638,0.897058824,0.8,0.68
4/1/2023,8,11.5,145,916,1129,892,1.3,0.3,0.2,9.8,1.44,0.863336475,0.790079717,0.816326531,0.56
4/2/2023,6,10.9,193,927,1010,1010,1.3,0.3,0.2,7.8,1.82,0.827678571,1,0.769230769,0.64
4/3/2023,7.9,11.2,140,960,1072,1072,1.1,0.4,0.1,9.5,1.42,0.872727273,1,0.831578947,0.73
4/4/2023,6.2,10.6,173,879,1191,898,1.4,0.3,0.2,8.1,1.71,0.835551331,0.753988245,0.765432099,0.48
4/5/2023,6.5,10.8,183,983,1100,906,1.3,0.2,0.1,8.1,1.66,0.843053173,0.823636364,0.802469136,0.56
4/6/2023,6.5,11.4,84,907,1087,952,1.3,0.4,0.2,8.4,1.75,0.915237134,0.875804968,0.773809524,0.62
4/7/2023,8.6,9,82,832,1092,1082,0.6,0.3,0.2,9.7,1.05,0.910284464,0.990842491,0.886597938,0.8
4/8/2023,9,10,142,939,1042,1042,0.5,0.1,0.1,9.7,1.11,0.868640148,1,0.927835052,0.81
4/9/2023,8.3,8.9,112,959,1074,831,0.7,0.3,0.2,9.5,1.07,0.895424837,0.773743017,0.873684211,0.61
4/10/2023,9.8,12,176,863,1074,918,1.2,0.5,0.3,11.8,1.22,0.830606352,0.854748603,0.830508475,0.59
4/11/2023,7.5,11.8,185,971,1010,966,0.9,0.3,0.3,9,1.57,0.839965398,0.956435644,0.833333333,0.67
4/12/2023,7.1,8.2,103,981,1154,951,0.9,0.2,0.2,8.4,1.15,0.90498155,0.824090121,0.845238095,0.63
4/13/2023,9.5,10.8,86,855,1083,858,1.4,0.2,0.1,11.2,1.14,0.908607864,0.792243767,0.848214286,0.61
4/14/2023,6.9,11.7,167,997,1164,1058,1.4,0.2,0.1,8.6,1.7,0.85652921,0.908934708,0.802325581,0.62
4/15/2023,8.7,8.7,91,828,1170,1003,1.4,0.3,0.2,10.6,1,0.900979325,0.857264957,0.820754717,0.63
4/16/2023,6,10.3,173,840,1042,1042,0.8,0.3,0.3,7.4,1.72,0.829220138,1,0.810810811,0.67
4/17/2023,9.9,11.7,114,837,1131,1058,1.2,0.1,0.1,11.3,1.18,0.880126183,0.935455349,0.876106195,0.72
4/18/2023,6.2,8.1,150,979,1094,1025,0.8,0.5,0.3,7.8,1.31,0.867139061,0.936928702,0.794871795,0.65
4/19/2023,9.6,10.8,64,931,1176,932,0.7,0.4,0.1,10.8,1.13,0.935678392,0.792517007,0.888888889,0.66
4/20/2023,8.1,9.2,144,830,1043,983,0.7,0.3,0.3,9.4,1.14,0.852156057,0.942473634,0.861702128,0.69
4/21/2023,10,11.7,118,888,1136,848,0.8,0.4,0.2,11.4,1.17,0.882703777,0.746478873,0.877192982,0.58
4/22/2023,6.3,11.9,138,923,1122,1002,0.9,0.1,0.3,7.6,1.89,0.869934025,0.893048128,0.828947368,0.64
4/23/2023,8.2,11.8,75,817,1059,854,1.3,0.3,0.2,10,1.44,0.915919283,0.806421152,0.82,0.61
4/24/2023,9.9,9.9,161,976,1027,1008,0.6,0.4,0.2,11.1,1,0.858399296,0.981499513,0.891891892,0.75
4/25/2023,8.1,11.4,179,961,1130,869,1.2,0.4,0.1,9.8,1.41,0.842982456,0.769026549,0.826530612,0.54
4/26/2023,8.5,11.4,83,901,1148,835,1,0.4,0.1,10,1.34,0.915650407,0.727351916,0.85,0.57
4/27/2023,8.8,9.3,64,993,1063,850,0.8,0.2,0.3,10.1,1.06,0.939451277,0.799623706,0.871287129,0.65
4/28/2023,7.8,11.3,54,884,1129,801,1,0.5,0.3,9.6,1.45,0.942430704,0.709477414,0.8125,0.54
4/29/2023,8.1,8.1,146,997,1079,1016,0.8,0.1,0.3,9.3,1,0.872265967,0.941612604,0.870967742,0.72
4/30/2023,8.3,10.4,141,934,1143,1020,1.1,0.5,0.2,10.1,1.25,0.868837209,0.892388451,0.821782178,0.64
5/1/2023,8.9,8.9,132,927,1040,954,0.9,0.5,0.3,10.6,1,0.875354108,0.917307692,0.839622642,0.67
5/2/2023,6.2,8.5,85,833,1178,848,0.7,0.2,0.1,7.2,1.37,0.907407407,0.719864177,0.861111111,0.56
5/3/2023,7.1,8.3,109,976,1057,825,0.6,0.4,0.2,8.3,1.17,0.899539171,0.78051088,0.855421687,0.6
5/4/2023,9.8,10.8,139,885,1074,806,1,0.1,0.2,11.1,1.1,0.864257813,0.750465549,0.882882883,0.57
5/5/2023,9.4,9.4,125,832,1012,850,1.4,0.3,0.2,11.3,1,0.86938349,0.839920949,0.831858407,0.61
5/6/2023,7.8,10.9,198,803,1022,1022,0.8,0.3,0.2,9.1,1.4,0.802197802,1,0.857142857,0.69
5/7/2023,8.3,8.3,70,912,1103,872,1.2,0.3,0.1,9.9,1,0.928716904,0.79057117,0.838383838,0.62
5/8/2023,7.1,9.3,154,905,1054,906,1.2,0.5,0.2,9,1.31,0.854579792,0.859582543,0.788888889,0.58
5/9/2023,6.8,10.2,111,944,1167,832,1.4,0.4,0.3,8.9,1.5,0.89478673,0.71293916,0.764044944,0.49
5/10/2023,7.9,11.2,114,978,1003,867,1.3,0.3,0.2,9.7,1.42,0.895604396,0.86440678,0.81443299,0.63
5/11/2023,7.4,9.3,158,816,1076,956,1.1,0.4,0.1,9,1.26,0.837782341,0.888475836,0.822222222,0.61
5/12/2023,8.3,10.5,154,946,1067,982,1.2,0.5,0.1,10.1,1.27,0.86,0.920337395,0.821782178,0.65
5/13/2023,6.3,11.5,199,837,1004,874,1.4,0.1,0.1,7.9,1.83,0.807915058,0.870517928,0.797468354,0.56
5/14/2023,9.9,10.5,69,972,1025,817,0.9,0.5,0.2,11.5,1.06,0.933717579,0.797073171,0.860869565,0.64
5/15/2023,8.9,8.9,66,964,1083,917,0.8,0.1,0.2,10,1,0.93592233,0.846722068,0.89,0.71
5/16/2023,8.1,8.1,159,908,1099,870,0.5,0.4,0.2,9.2,1,0.850984067,0.791628753,0.880434783,0.59
5/17/2023,8.1,11.5,137,942,1081,866,1.3,0.2,0.2,9.8,1.42,0.873030584,0.801110083,0.826530612,0.58
5/18/2023,7.2,8.1,91,863,1106,1088,1.3,0.2,0.2,8.9,1.12,0.904612159,0.983725136,0.808988764,0.72
5/19/2023,9.3,11.5,62,894,1119,985,0.6,0.3,0.3,10.5,1.24,0.935146444,0.880250223,0.885714286,0.73
5/20/2023,8.7,10.1,63,964,1002,967,1.1,0.4,0.1,10.3,1.16,0.93865628,0.96506986,0.844660194,0.77
5/21/2023,6.7,11.8,184,892,1093,925,1,0.3,0.2,8.2,1.76,0.828996283,0.846294602,0.817073171,0.57
5/22/2023,9.6,11.2,79,872,1193,929,0.6,0.1,0.3,10.6,1.17,0.916929548,0.778709137,0.905660377,0.65
5/23/2023,9.3,12,99,899,1104,962,1.5,0.3,0.1,11.2,1.29,0.900801603,0.871376812,0.830357143,0.65
5/24/2023,9.4,9.4,84,966,1136,1009,0.7,0.5,0.1,10.7,1,0.92,0.888204225,0.878504673,0.72
5/25/2023,8.9,11.1,103,867,1062,1011,0.6,0.3,0.3,10.1,1.25,0.893814433,0.951977401,0.881188119,0.75
5/26/2023,8.5,9.6,60,835,1155,852,1.1,0.2,0.2,10,1.13,0.932960894,0.737662338,0.85,0.58
5/27/2023,7.7,9.9,128,942,1155,950,1.2,0.3,0.2,9.4,1.29,0.880373832,0.822510823,0.819148936,0.59
5/28/2023,9.7,10.5,60,965,1104,924,0.5,0.1,0.1,10.4,1.08,0.941463415,0.836956522,0.932692308,0.73
5/29/2023,9.5,11.5,170,820,1195,1061,1.2,0.4,0.2,11.3,1.21,0.828282828,0.887866109,0.840707965,0.62
5/30/2023,6.2,11.9,85,848,1025,989,1,0.4,0.2,7.8,1.92,0.908896034,0.964878049,0.794871795,0.7
5/31/2023,6.1,11.1,131,828,1003,960,0.6,0.3,0.1,7.1,1.82,0.863399374,0.957128614,0.85915493,0.71
6/1/2023,7.5,9.7,182,870,1154,835,0.7,0.2,0.2,8.6,1.29,0.826996198,0.723570191,0.872093023,0.52
6/2/2023,9.2,9.7,148,890,1161,982,1.1,0.4,0.1,10.8,1.05,0.857418112,0.845822567,0.851851852,0.62
6/3/2023,9.9,11,130,950,1024,835,0.8,0.3,0.2,11.2,1.11,0.87962963,0.815429688,0.883928571,0.63
6/4/2023,6.6,9,99,930,1053,901,1.4,0.4,0.1,8.5,1.36,0.903790087,0.855650522,0.776470588,0.6
6/5/2023,8.4,8.4,100,924,1004,843,1.3,0.4,0.1,10.2,1,0.90234375,0.839641434,0.823529412,0.62
6/6/2023,7.5,9.4,150,870,1059,1008,1.5,0.4,0.2,9.6,1.25,0.852941176,0.95184136,0.78125,0.63
6/7/2023,9.1,9.1,199,968,1155,862,0.8,0.3,0.1,10.3,1,0.829477292,0.746320346,0.883495146,0.55
6/8/2023,9.2,9.2,149,894,1104,918,1.5,0.3,0.3,11.3,1,0.857142857,0.831521739,0.814159292,0.58
6/9/2023,8.9,8.9,134,996,1070,1069,0.9,0.5,0.1,10.4,1,0.881415929,0.999065421,0.855769231,0.75
6/10/2023,7.9,8.2,160,927,1074,861,0.8,0.3,0.2,9.2,1.04,0.852805888,0.801675978,0.858695652,0.59
6/11/2023,7.7,8.1,120,825,1000,952,0.6,0.3,0.1,8.7,1.05,0.873015873,0.952,0.885057471,0.74
6/12/2023,7.1,12,59,935,1060,926,0.6,0.2,0.2,8.1,1.69,0.940643863,0.873584906,0.87654321,0.72
6/13/2023,6.2,9.7,134,865,1129,805,1.2,0.4,0.3,8.1,1.56,0.865865866,0.713020372,0.765432099,0.47
6/14/2023,9.5,9.5,194,937,1195,1038,1,0.3,0.1,10.9,1,0.82847038,0.868619247,0.871559633,0.63
6/15/2023,9.3,10.7,76,814,1169,821,0.7,0.2,0.3,10.5,1.15,0.914606742,0.702309666,0.885714286,0.57
6/16/2023,8.9,8.9,154,835,1005,942,1.1,0.1,0.1,10.2,1,0.844287159,0.937313433,0.87254902,0.69
6/17/2023,10,11.8,80,971,1180,968,0.8,0.3,0.2,11.3,1.18,0.923882017,0.820338983,0.884955752,0.67
6/18/2023,8.2,11.1,130,845,1157,989,1.1,0.4,0.2,9.9,1.35,0.866666667,0.854796889,0.828282828,0.61
6/19/2023,8.4,8.4,65,967,1156,1007,0.9,0.3,0.3,9.9,1,0.937015504,0.871107266,0.848484848,0.69
6/20/2023,9.7,9.7,118,856,1092,876,1.3,0.2,0.2,11.4,1,0.878850103,0.802197802,0.850877193,0.6
6/21/2023,9.4,11.5,163,929,1080,803,1.3,0.4,0.2,11.3,1.22,0.850732601,0.743518519,0.831858407,0.53
6/22/2023,7,11.8,102,939,1061,1017,1,0.1,0.1,8.2,1.69,0.902017291,0.958529689,0.853658537,0.74
6/23/2023,7.8,9.9,150,903,1013,961,0.9,0.3,0.1,9.1,1.27,0.857549858,0.948667325,0.857142857,0.7
6/24/2023,6.5,10.5,169,861,1046,1046,0.9,0.2,0.3,7.9,1.62,0.83592233,1,0.82278481,0.69
6/25/2023,8.7,8.7,189,843,1049,1046,1.3,0.2,0.2,10.4,1,0.816860465,0.997140133,0.836538462,0.68
6/26/2023,8.4,12,85,807,1097,1053,0.8,0.2,0.2,9.6,1.43,0.90470852,0.959890611,0.875,0.76
6/27/2023,6.9,8.9,110,861,1149,946,0.7,0.3,0.3,8.2,1.29,0.886714727,0.82332463,0.841463415,0.61
6/28/2023,8.7,11.8,73,931,1095,900,0.6,0.1,0.2,9.6,1.36,0.927290837,0.821917808,0.90625,0.69
6/29/2023,8.5,10.6,199,988,1012,1012,1,0.3,0.3,10.1,1.25,0.832350463,1,0.841584158,0.7
6/30/2023,7.4,10.4,189,974,1192,935,1,0.3,0.2,8.9,1.41,0.837489252,0.784395973,0.831460674,0.55
7/1/2023,6.5,10.1,131,953,1189,855,1.3,0.3,0.2,8.3,1.55,0.879151292,0.719091674,0.78313253,0.5
